entry_id	timestamp_utc	phase	hypothesis	condition	metric_primary	primary_value	runtime_seconds	status	artifact	notes
R0001	2026-05-13T22:34:05Z	speed	direct_text_events	direct_vs_legacy_event_only	event_speedup_x	1373.691933	9.758301	keep	cache/ablation_results/text_path_ablation_20260513T223405Z.json	Cold direct text event construction was far faster than legacy TTS/ASR event construction.
R0002	2026-05-13T22:34:25Z	speed	direct_text_prediction	direct_text_prediction_agreement	prediction_flat_pearson_common_timesteps	0.861582	3.049827	exploratory	cache/ablation_results/text_path_ablation_20260513T223425Z.json	Agreement with cached legacy prediction is preliminary and not an fMRI-quality metric.
R0003	2026-05-14T00:00:00Z	quality	pearson_objective	s01_6chunk_mse	test/pearson	0.015218	7.828807	baseline	cache/ablation_results/algonauts_text_loss_ablation_s01_6chunk_tiny_10epoch_loss.json	Tiny-model single-subject baseline on adjacent chunk split.
R0004	2026-05-14T00:00:00Z	quality	pearson_objective	s01_6chunk_pearson_mse	test/pearson	0.047092	5.748539	keep_exploratory	cache/ablation_results/algonauts_text_loss_ablation_s01_6chunk_tiny_10epoch_loss.json	PearsonMSE improved +0.031875 absolute Pearson over same-protocol MSE.
R0005	2026-05-14T00:00:00Z	quality	temporal_delay_bank	s01_6chunk_pearson_mse_delay	test/pearson	0.047725	7.970460	neutral	cache/ablation_results/algonauts_text_loss_ablation_s01_6chunk_tiny_10epoch_delay.json	Delay bank improved only +0.000633 over PearsonMSE; do not promote yet.
R0006	2026-05-14T00:00:00Z	quality	pearson_objective	s01_8chunk_mse	test/pearson	0.017867	902.441962	baseline	cache/ablation_results/algonauts_text_loss_ablation_s01_8chunk_tiny_10epoch_loss.json	Runtime includes cold feature cache and is not comparable to warm runs.
R0007	2026-05-14T00:00:00Z	quality	pearson_objective	s01_8chunk_pearson_mse	test/pearson	0.046131	7.893628	keep_exploratory	cache/ablation_results/algonauts_text_loss_ablation_s01_8chunk_tiny_10epoch_loss.json	PearsonMSE replicated +0.028264 absolute Pearson over same-protocol MSE.
R0008	2026-05-14T00:53:11Z	quality	pearson_objective	s01_e01_e08_episode_seed33_mse	test/pearson	0.032539	1271.238180	baseline	cache/ablation_results/algonauts_text_loss_episode_s01_e01_e08_val_e07_e08_3seed_v1.json	Runtime includes cold cache build.
R0009	2026-05-14T00:53:11Z	quality	pearson_objective	s01_e01_e08_episode_seed33_pearson_mse	test/pearson	0.058000	13.896376	keep_exploratory	cache/ablation_results/algonauts_text_loss_episode_s01_e01_e08_val_e07_e08_3seed_v1.json	Delta vs MSE +0.025461.
R0010	2026-05-14T00:53:11Z	quality	pearson_objective	s01_e01_e08_episode_seed34_mse	test/pearson	0.029561	13.485893	baseline	cache/ablation_results/algonauts_text_loss_episode_s01_e01_e08_val_e07_e08_3seed_v1.json	Warm-cache baseline.
R0011	2026-05-14T00:53:11Z	quality	pearson_objective	s01_e01_e08_episode_seed34_pearson_mse	test/pearson	0.060324	13.878965	keep_exploratory	cache/ablation_results/algonauts_text_loss_episode_s01_e01_e08_val_e07_e08_3seed_v1.json	Delta vs MSE +0.030763.
R0012	2026-05-14T00:53:11Z	quality	pearson_objective	s01_e01_e08_episode_seed35_mse	test/pearson	0.029140	13.597655	baseline	cache/ablation_results/algonauts_text_loss_episode_s01_e01_e08_val_e07_e08_3seed_v1.json	Warm-cache baseline.
R0013	2026-05-14T00:53:11Z	quality	pearson_objective	s01_e01_e08_episode_seed35_pearson_mse	test/pearson	0.061302	13.890243	keep_exploratory	cache/ablation_results/algonauts_text_loss_episode_s01_e01_e08_val_e07_e08_3seed_v1.json	Delta vs MSE +0.032162; all three seed deltas positive.
R0014	2026-05-14T01:19:56Z	quality	default_scale	s01_e01_e08_full_mse_mean	test/pearson_mean	0.084577	83.430030	baseline	cache/ablation_results/algonauts_text_loss_episode_s01_e01_e08_val_e07_e08_full_3seed_v1.json	Default model MSE mean across seeds 33/34/35.
R0015	2026-05-14T01:19:56Z	quality	default_scale	s01_e01_e08_full_high_pearson_mse_mean	test/pearson_mean	0.071853	80.482908	reject	cache/ablation_results/algonauts_text_loss_episode_s01_e01_e08_val_e07_e08_full_3seed_v1.json	High-weight PearsonMSE mean delta -0.012724 vs full MSE.
R0016	2026-05-14T01:22:50Z	quality	aux_loss	s01_e01_e08_full_aux_p010_mean	test/pearson_mean	0.088630	83.735259	mixed	cache/ablation_results/algonauts_text_loss_episode_s01_e01_e08_val_e07_e08_full_aux_p010_3seed_v1.json	Weak Pearson auxiliary mean delta +0.004053 but one negative seed.
R0017	2026-05-14T01:23:33Z	quality	aux_loss	s01_e01_e08_full_aux_p025_mean	test/pearson_mean	0.081345	84.062530	reject	cache/ablation_results/algonauts_text_loss_episode_s01_e01_e08_val_e07_e08_full_aux_p025_3seed_v1.json	Pearson auxiliary 0.25 mean delta -0.003232.
R0018	2026-05-14T01:27:00Z	quality	temporal_delay	s01_e01_e08_full_mse_delay_l6s2_mean	test/pearson_mean	0.085205	84.000000	neutral	cache/ablation_results/algonauts_text_loss_episode_s01_e01_e08_val_e07_e08_full_mse_delay_l6s2_3seed_v1.json	All seeds positive but mean delta only +0.000628, below meaningful threshold.
R0019	2026-05-14T02:16:54Z	quality	aux_loss	s01_e01_e12_full_aux_p010_mean	test/pearson_mean	0.095896	453.940216	reject	cache/ablation_results/algonauts_text_loss_episode_s01_e01_e12_val_e11_e12_full_aux_p010_3seed_v1.json	Weak Pearson auxiliary mean delta +0.002574 but two of three seeds were negative; stop Pearson-loss line.
R0020	2026-05-14T02:24:45Z	quality	output_temporal_delay	s01_e01_e12_full_mse_output_delay_l6s2_mean	test/pearson_mean	0.091825	42.572755	reject	cache/ablation_results/algonauts_text_loss_episode_s01_e01_e12_val_e11_e12_full_mse_output_delay_l6s2_3seed_v1.json	Output-level delay mean delta -0.001497 vs same-split MSE; do not promote.
R0021	2026-05-14T03:09:26Z	quality	text_features	s01_e01_e12_full_mse_qwen06b_6layer_mean	test/pearson_mean	0.081682	815.345754	reject	cache/ablation_results/algonauts_text_loss_episode_s01_e01_e12_val_e11_e12_full_mse_qwen06b_6layers_3seed_v1.json	Averaged six-layer Qwen representation mean delta -0.011640 vs same-split one-layer MSE; not a good feature aggregation.
R0022	2026-05-14T03:11:35Z	failure	text_features	smoke_qwen06b_6layers_cat_dims	validation_error	n/a	n/a	fixed_next	research/logs/smoke_qwen06b_6layers_cat_dims_v1.log	Concatenated-layer smoke failed because data.layer_aggregation only accepts group_mean or mean.
R0023	2026-05-14T03:17:02Z	smoke	text_features	smoke_qwen06b_6layers_none_dims	extractor_dims	text:(6,1024)	200.808787	keep	cache/ablation_results/smoke_qwen06b_6layers_none_dims_v1.json	Setting data.layer_aggregation=None preserves the six-layer text feature axis; valid path for full ablation.
R0024	2026-05-14T04:01:43Z	quality	text_features	s01_e01_e12_full_mse_qwen06b_6layer_none	test/pearson_mean	0.085848	858.629356	reject	cache/ablation_results/algonauts_text_loss_episode_s01_e01_e12_val_e11_e12_full_mse_qwen06b_6layers_none_3seed_v1.json	True six-layer Qwen representation mean delta -0.007474 vs same-split one-layer MSE; do not promote.
R0025	2026-05-14T04:25:35Z	smoke	text_features	smoke_llama32_3b_groupmean_dims	extractor_dims	text:(5,3072)	681.880234	keep	cache/ablation_results/smoke_llama32_3b_groupmean_dims_v1.json	Paper-style Llama-3.2-3B group-mean text features load and expose expected 5x3072 shape.
R0026	2026-05-14T05:57:07Z	smoke	multimodal_features	smoke_text_audio_qwen06b_dims	extractor_dims	text:(1,1024);audio:(1,1024)	235.060789	keep	cache/ablation_results/smoke_text_audio_qwen06b_dims_v1.json	Text+audio feature path builds audio chunks and trains one tiny batch; metric is not a quality claim.
R0027	2026-05-14T06:30:32Z	quality	text_features	s01_e01_e12_full_mse_llama32_3b_groupmean_mean	test/pearson_mean	0.125382	7453.833436	promote_exploratory	cache/ablation_results/algonauts_text_loss_episode_s01_e01_e12_val_e11_e12_full_mse_llama32_3b_groupmean_3seed_v1.json	Paper-style Llama-3.2-3B group-mean text features beat same-split Qwen MSE by +0.032060 mean Pearson with all three seed deltas positive.
R0028	2026-05-14T06:37:11Z	quality	text_features	s01_e01_e12_val_e09_e10_full_mse_qwen06b_mean	test/pearson_mean	0.113253	136.968263	baseline	cache/ablation_results/algonauts_text_loss_episode_s01_e01_e12_val_e09_e10_full_mse_qwen06b_3seed_v1.json	Frozen second-split Qwen MSE baseline; warm text cache, no runtime claim.
R0029	2026-05-14T06:37:42Z	quality	text_features	s01_e01_e12_val_e09_e10_full_mse_llama32_3b_groupmean_mean	test/pearson_mean	0.163417	159.464999	promote_exploratory	cache/ablation_results/algonauts_text_loss_episode_s01_e01_e12_val_e09_e10_full_mse_llama32_3b_groupmean_3seed_v1.json	Frozen Llama config replicated on e09/e10: mean delta +0.050164 vs same-split Qwen MSE, all seed deltas positive.
R0030	2026-05-14T07:11:25Z	smoke	public_baseline_eval	pretrained_tribe_textonly_s01e01a_surface_approx	approx_surface_pearson_mean	0.110629	647.584853	compatibility	cache/ablation_results/pretrained_tribe_textonly_s01e01a_surface_approx_v1.json	Public facebook/tribev2 text-only checkpoint evaluated on one local train chunk by projecting Schaefer1000 labels to standard fsaverage5; not official leaderboard-comparable.
R0031	2026-05-14T07:22:58Z	smoke	public_baseline_eval	pretrained_tribe_textonly_s01e01a_parcel_approx	approx_parcel_pearson_mean	0.113327	1.094007	compatibility	cache/ablation_results/pretrained_tribe_textonly_s01e01a_parcel_approx_v1.json	Public facebook/tribev2 text-only checkpoint evaluated on one local train chunk by averaging surface predictions into projected Schaefer parcels; 983/1000 parcels nonempty and still approximate.
R0032	2026-05-14T07:56:53Z	smoke	public_baseline_eval	pretrained_tribe_text_audio_video_s01e01a_surface_approx	approx_surface_pearson_mean	0.160431	2385.520512	compatibility	cache/ablation_results/pretrained_tribe_text_audio_video_s01e01a_surface_approx_v1.json	Public facebook/tribev2 full multimodal checkpoint evaluated on one local train chunk in approximate surface space; not official leaderboard-comparable.
R0033	2026-05-14T07:58:22Z	smoke	public_baseline_eval	pretrained_tribe_text_audio_video_s01e01a_parcel_approx	approx_parcel_pearson_mean	0.166720	1.640584	compatibility	cache/ablation_results/pretrained_tribe_text_audio_video_s01e01a_parcel_approx_v2.json	Public facebook/tribev2 full multimodal checkpoint evaluated on one local train chunk in approximate parcel space with warm caches and array export.
R0034	2026-05-14T07:59:14Z	smoke	multimodal_ablation	pretrained_tribe_text_vs_full_s01e01a_parcel_matched	delta_approx_parcel_pearson_mean	0.058203	0.000000	compatibility	cache/ablation_results/pretrained_tribe_text_vs_full_s01e01a_parcel_matched_v1.json	On matched nearest sample times within 0.06s, public full multimodal exceeded public text-only by +0.0582 mean Pearson on one local train-distribution chunk; this calibrates modality contribution, not a new model improvement.
R0035	2026-05-14T08:56:50Z	smoke	public_baseline_eval	pretrained_tribe_text_audio_video_s01e01b_parcel_approx	approx_parcel_pearson_mean	0.197998	2870.487208	compatibility	cache/ablation_results/pretrained_tribe_text_audio_video_s01e01b_parcel_approx_v1.json	Public facebook/tribev2 full multimodal checkpoint evaluated on local e01b approximate parcel labels with array export; not official leaderboard-comparable.
R0036	2026-05-14T08:50:16Z	smoke	public_baseline_eval	pretrained_tribe_text_audio_video_s01e02a_parcel_approx	approx_parcel_pearson_mean	0.213289	2475.548869	compatibility	cache/ablation_results/pretrained_tribe_text_audio_video_s01e02a_parcel_approx_v1.json	Public facebook/tribev2 full multimodal checkpoint evaluated on local e02a approximate parcel labels with array export; not official leaderboard-comparable.
R0037	2026-05-14T08:07:17Z	quality	calibration	tribe_calibration_multimodal_s01e01a_parcel_temporal_ridge	delta_approx_parcel_pearson_mean	-0.017894	0.104968	reject	cache/ablation_results/tribe_calibration_multimodal_s01e01a_parcel_temporal_ridge_v1.json	Per-parcel temporal ridge calibration on public TRIBE predictions lost to raw public TRIBE on held-out rows from the same local chunk.
R0038	2026-05-14T08:57:09Z	quality	calibration	tribe_calibration_multimodal_train_e01ab_val_e02a_parcel_temporal_ridge	delta_approx_parcel_pearson_mean	-0.012626	0.255855	reject	cache/ablation_results/tribe_calibration_multimodal_train_e01ab_val_e02a_parcel_temporal_ridge_v1.json	Cross-chunk per-parcel temporal ridge calibration trained on e01a/e01b and validated on e02a lost to raw public TRIBE; reject this calibration line.
R0039	2026-05-14T09:05:24Z	quality	calibration	tribe_calibration_multimodal_s01e01a_parcel_global_ridge_a1000	delta_approx_parcel_pearson_mean	-0.063476	0.109003	reject	cache/ablation_results/tribe_calibration_multimodal_s01e01a_parcel_global_ridge_a1000_v1.json	Global spatiotemporal ridge adapter on public TRIBE predictions lost sharply to raw public TRIBE on held-out rows from the same local chunk.
R0040	2026-05-14T09:05:28Z	quality	calibration	tribe_calibration_multimodal_train_e01ab_val_e02a_parcel_global_ridge_a1000	delta_approx_parcel_pearson_mean	-0.020744	0.243198	reject	cache/ablation_results/tribe_calibration_multimodal_train_e01ab_val_e02a_parcel_global_ridge_a1000_v1.json	Cross-chunk global spatiotemporal ridge adapter trained on e01a/e01b and validated on e02a lost to raw public TRIBE; close shallow output-adapter branch.
R0041	2026-05-14T09:21:22Z	smoke	submission_harness	tribe_textonly_friends_s7_sub01_s07e01a	shape_finite	(460,1000);finite	1.042119	supported_smoke	cache/submissions/tribe_textonly_friends_s7_sub01_s07e01a_manifest_v1.json	Submission-shaped text-only public TRIBE prediction file generated for hidden Friends S7 s07e01a/sub-01; no hidden labels used and no score claim.
R0042	2026-05-14T09:22:52Z	smoke	submission_harness	tribe_full_friends_s7_sub01_s07e01a	shape_finite	(460,1000);finite	1822.996709	supported_smoke	cache/submissions/tribe_full_friends_s7_sub01_s07e01a_manifest_v1.json	Submission-shaped full text+audio+video public TRIBE prediction file generated for hidden Friends S7 s07e01a/sub-01; no hidden labels used and no score claim.
R0043	2026-05-14T09:56:21Z	quality	tests	focused_submission_evaluator_calibration_suite	pytest_pass	29/29	3.29	supported_smoke	pytest_stdout	Focused tests passed for ablation config, event splits, losses, delay bank, direct text events, empty-metric handling, public-checkpoint evaluator utilities, calibration adapters, and submission prediction utilities.
R0044	2026-05-14T10:03:21Z	quality	modality_ablation	pretrained_tribe_textonly_s01e02a_parcel_approx	approx_parcel_pearson_mean	0.135589	1.067197	compatibility	cache/ablation_results/pretrained_tribe_textonly_s01e02a_parcel_approx_v1.json	Public TRIBE text-only on available-label s01e02a approximate parcel metric; local compatibility result, not official leaderboard.
R0045	2026-05-14T10:03:21Z	quality	modality_ablation	pretrained_tribe_audioonly_s01e02a_parcel_approx	approx_parcel_pearson_mean	undefined	0.662127	reject/cache_behavior	cache/ablation_results/pretrained_tribe_audioonly_s01e02a_parcel_approx_v1.json	Public TRIBE audio-only produced constant predictions in this evaluator path, making Pearson undefined; do not interpret as a scored zero.
R0046	2026-05-14T10:03:21Z	quality	modality_ablation	pretrained_tribe_videoonly_s01e02a_parcel_approx	approx_parcel_pearson_mean	0.175551	1.006555	compatibility	cache/ablation_results/pretrained_tribe_videoonly_s01e02a_parcel_approx_v1.json	Public TRIBE video-only on available-label s01e02a approximate parcel metric; video exceeds text-only by +0.0400 locally.
R0047	2026-05-14T10:03:21Z	quality	modality_ablation	pretrained_tribe_text_audio_s01e02a_parcel_approx	approx_parcel_pearson_mean	0.135589	1.059594	compatibility	cache/ablation_results/pretrained_tribe_text_audio_s01e02a_parcel_approx_v1.json	Public TRIBE text+audio matched text-only on this evaluator path, consistent with the audio-only constant-output finding.
R0048	2026-05-14T10:03:21Z	quality	modality_ablation	pretrained_tribe_text_video_s01e02a_parcel_approx	approx_parcel_pearson_mean	0.210799	1.335898	compatibility	cache/ablation_results/pretrained_tribe_text_video_s01e02a_parcel_approx_v1.json	Public TRIBE text+video nearly matched full multimodal on s01e02a, trailing full by -0.00249 mean Pearson.
R0049	2026-05-14T10:03:21Z	quality	modality_ablation	pretrained_tribe_audio_video_s01e02a_parcel_approx	approx_parcel_pearson_mean	0.202912	1.327386	compatibility	cache/ablation_results/pretrained_tribe_audio_video_s01e02a_parcel_approx_v1.json	Public TRIBE audio+video trailed full multimodal by -0.01038 mean Pearson on s01e02a.
R0050	2026-05-14T10:03:21Z	quality	modality_ablation	pretrained_tribe_modality_ablation_s01e02a_parcel_approx	best_condition	text_audio_video	0.213289	compatibility	cache/ablation_results/pretrained_tribe_modality_ablation_s01e02a_parcel_approx_v1.json	On available-label s01e02a, full multimodal remained best; text+video was second at 0.210799. This supports the paper-style modality direction locally but is not a new model improvement.
R0051	2026-05-14T10:10:25Z	quality	evaluator_fix	pretrained_eval_audio_event_pruning	pytest_pass	15/15	2.96	supported	tests/test_pretrained_eval_utils.py	Fixed local evaluator so audio-only and text+audio preserve Video through ExtractAudioFromVideo before pruning unrequested video events; focused utility tests passed.
R0052	2026-05-14T10:10:25Z	quality	modality_ablation	pretrained_tribe_textonly_s01e02a_parcel_approx_v2	approx_parcel_pearson_mean	0.135589	1.089	compatibility	cache/ablation_results/pretrained_tribe_textonly_s01e02a_parcel_approx_v2.json	Corrected-grid public TRIBE text-only on available-label s01e02a approximate parcel metric.
R0053	2026-05-14T10:10:25Z	quality	modality_ablation	pretrained_tribe_audioonly_s01e02a_parcel_approx_v2	approx_parcel_pearson_mean	0.153013	0.712	compatibility	cache/ablation_results/pretrained_tribe_audioonly_s01e02a_parcel_approx_v2.json	Corrected-grid public TRIBE audio-only is valid after preserving video source events for audio extraction.
R0054	2026-05-14T10:10:25Z	quality	modality_ablation	pretrained_tribe_videoonly_s01e02a_parcel_approx_v2	approx_parcel_pearson_mean	0.175551	0.686	compatibility	cache/ablation_results/pretrained_tribe_videoonly_s01e02a_parcel_approx_v2.json	Corrected-grid public TRIBE video-only on available-label s01e02a approximate parcel metric.
R0055	2026-05-14T10:10:25Z	quality	modality_ablation	pretrained_tribe_text_audio_s01e02a_parcel_approx_v2	approx_parcel_pearson_mean	0.173635	1.390	compatibility	cache/ablation_results/pretrained_tribe_text_audio_s01e02a_parcel_approx_v2.json	Corrected-grid public TRIBE text+audio improves over either text-only or audio-only locally.
R0056	2026-05-14T10:10:25Z	quality	modality_ablation	pretrained_tribe_text_video_s01e02a_parcel_approx_v2	approx_parcel_pearson_mean	0.210799	1.386	compatibility	cache/ablation_results/pretrained_tribe_text_video_s01e02a_parcel_approx_v2.json	Corrected-grid public TRIBE text+video nearly matches full multimodal, trailing by -0.00249 mean Pearson.
R0057	2026-05-14T10:10:25Z	quality	modality_ablation	pretrained_tribe_audio_video_s01e02a_parcel_approx_v2	approx_parcel_pearson_mean	0.202912	1.002	compatibility	cache/ablation_results/pretrained_tribe_audio_video_s01e02a_parcel_approx_v2.json	Corrected-grid public TRIBE audio+video trails full multimodal by -0.01038 mean Pearson.
R0058	2026-05-14T10:10:25Z	quality	modality_ablation	pretrained_tribe_modality_ablation_s01e02a_parcel_approx_v2	best_condition	text_audio_video	0.213289	compatibility	cache/ablation_results/pretrained_tribe_modality_ablation_s01e02a_parcel_approx_v2.json	Corrected local modality ablation: full multimodal remains best, text+video second, audio+video third; still not a new model improvement.
R0059	2026-05-14T10:10:25Z	quality	tests	focused_submission_evaluator_calibration_suite_after_audio_fix	pytest_pass	30/30	3.29	supported	pytest_stdout	Focused suite passed after evaluator audio-event pruning fix; includes one new test covering Video preservation before audio extraction.
R0060	2026-05-14T10:17:00Z	quality	hrf_offset	tribe_hrf_offset_train_e01ab_val_e02a	delta_val_selected_vs_baseline	0.000000	0.315983	reject	cache/ablation_results/tribe_hrf_offset_train_e01ab_val_e02a_v1.json	Scalar HRF offset selection among 3/4/5/6/7s chose the default 5s on e01a/e01b; validation on e02a matched baseline exactly, so no improvement.
R0061	2026-05-14T10:32:53Z	quality	late_fusion	tribe_late_fusion_integer_timed_train_e01ab_val_e02a	delta_val_selected_vs_full	0.001959	3.143855	exploratory_below_gate	cache/ablation_results/tribe_late_fusion_integer_timed_train_e01ab_val_e02a_v1.json	Global convex late fusion over full/text_video/audio_video improved held-out e02a by +0.0020, below the +0.01 meaningful gate.
R0062	2026-05-14T10:32:53Z	quality	late_fusion	tribe_regionwise_fusion_integer_timed_train_e01ab_val_e02a	delta_val_regionwise_vs_full	0.004637	3.276549	exploratory_below_gate	cache/ablation_results/tribe_regionwise_fusion_integer_timed_train_e01ab_val_e02a_v1.json	Parcel-wise convex fusion over full/text_video/audio_video improved held-out e02a by +0.0046, still below the +0.01 meaningful gate.
R0063	2026-05-14T10:32:53Z	quality	late_fusion	tribe_regionwise_fusion_all_conditions_train_e01ab_val_e02a	delta_val_regionwise_vs_full	-0.001085	93.864481	reject	cache/ablation_results/tribe_regionwise_fusion_all_conditions_train_e01ab_val_e02a_v1.json	Broader seven-condition parcel-wise fusion with 0.5s alignment tolerance failed on held-out e02a; reject this broader variant.
R0064	2026-05-14T10:32:53Z	quality	tests	focused_research_suite_after_hrf_and_fusion	pytest_pass	41/41	3.25	supported	pytest_stdout	Focused suite passed after adding HRF, global late-fusion, and region-wise fusion ablation harnesses.
R0065	2026-05-14T10:37:33Z	quality	late_fusion	tribe_regionwise_fusion_loocv_s01_e01ab_e02a	mean_delta_vs_full	0.004940	10.943994	exploratory_below_gate	cache/ablation_results/tribe_regionwise_fusion_loocv_s01_e01ab_e02a_v1.json	Leave-one-chunk-out region-wise fusion was positive on all three folds but mean delta +0.00494 remains below +0.01 meaningful gate.
R0066	2026-05-14T10:44:34Z	quality	late_fusion	tribe_groupwise_fusion_loocv_s01_e01ab_e02a	mean_delta_vs_full_best_mode	0.002438	34.608182	exploratory_below_gate	cache/ablation_results/tribe_groupwise_fusion_loocv_s01_e01ab_e02a_v1.json	Network/hemi-network shared fusion was positive on all folds but weaker than parcel-wise fusion; best mean delta +0.00244 remains below +0.01 meaningful gate.
R0067	2026-05-14T10:51:00Z	quality	tests	focused_research_suite_after_groupwise_fusion	pytest_pass	43/43	3.29	supported	pytest_stdout	Focused suite passed after adding group-wise fusion ablation harness and research logging; warnings are existing dependency/lightning warnings.
R0068	2026-05-14T11:01:21Z	quality	subject_adaptation	tribe_frozen_readout_loocv_s01_e01ab_e02a	mean_delta_vs_full_average_head	0.032820	205.403371	supported_local	cache/ablation_results/tribe_frozen_readout_loocv_s01_e01ab_e02a_v1.json	Frozen public TRIBE low-rank subject-specific ridge readout beat the public full average-subject head on all three chunk-LOOCV folds; local 1Hz interpolated-label result only.
R0069	2026-05-14T11:02:00Z	quality	tests	focused_readout_evaluator_suite	pytest_pass	13/13	3.02	supported	pytest_stdout	Focused readout/evaluator/fusion tests passed after adding frozen-readout ablation harness; one existing neuralset warning remains.
R0070	2026-05-14T11:04:00Z	quality	tests	focused_research_suite_after_frozen_readout	pytest_pass	47/47	3.36	supported	pytest_stdout	Full focused research suite passed after frozen-readout ablation; warnings are existing neuralset, x-transformers, and Lightning warnings.
R0071	2026-05-14T11:07:13Z	quality	subject_adaptation	tribe_prediction_ridge_loocv_s01_e01ab_e02a	mean_delta_vs_full_average_head	0.028392	155.435954	supported_local	cache/ablation_results/tribe_prediction_ridge_loocv_s01_e01ab_e02a_v1.json	Matched supervised ridge calibration over public average-head predictions beat the public full average-subject head on all three chunk-LOOCV folds; low-rank readout exceeds it by only +0.00443 mean.
R0072	2026-05-14T11:11:00Z	quality	tests	focused_research_suite_after_readout_guards	pytest_pass	49/49	3.30	supported	pytest_stdout	Full focused research suite passed after adding readout disjointness and row-alignment guards; warnings are existing dependency/lightning warnings.
R0073	2026-05-14T11:28:15Z	quality	subject_adaptation	tribe_frozen_readout_train_e01ab_val_e02a_v2_guarded	delta_vs_full_average_head	0.028450	16.161437	supported_local	cache/ablation_results/tribe_frozen_readout_train_e01ab_val_e02a_v2_guarded.json	Guarded rerun of frozen low-rank readout with episode-disjoint/metadata checks reproduced the e02a delta and refreshed low-rank caches with metadata.
R0074	2026-05-14T11:28:37Z	quality	subject_adaptation	tribe_prediction_ridge_train_e01ab_val_e02a_v2_guarded	delta_vs_full_average_head	0.020986	4.226408	supported_local	cache/ablation_results/tribe_prediction_ridge_train_e01ab_val_e02a_v2_guarded.json	Guarded rerun of matched prediction-ridge calibration reproduced the e02a delta under baseline metadata checks.
R0075	2026-05-14T11:49:35Z	quality	baseline	pretrained_tribe_text_audio_video_s01e02b_parcel_approx_v1	mean_pearson	0.223898	2254.550834	supported_proxy	cache/ablation_results/pretrained_tribe_text_audio_video_s01e02b_parcel_approx_v1.json	Public full TRIBE baseline array for sub-01 Friends s01e02b completed; local approximate 1Hz parcel metric only, not leaderboard-comparable.
R0076	2026-05-14T11:55:00Z	quality	subject_adaptation	tribe_frozen_readout_episode_holdout_s01_e01_e02	mean_delta_vs_full_average_head	0.041123	120.829719	supported_local_episode_proxy	cache/ablation_results/tribe_subject_adaptation_episode_holdout_s01_e01_e02_v1.json	Frozen low-rank subject readout beat raw public average head in both episode-heldout directions: +0.040478 train e01 val e02 and +0.041769 train e02 val e01.
R0077	2026-05-14T11:55:00Z	quality	subject_adaptation	tribe_prediction_ridge_episode_holdout_s01_e01_e02	mean_delta_vs_full_average_head	0.039428	231.760980	supported_local_episode_proxy	cache/ablation_results/tribe_subject_adaptation_episode_holdout_s01_e01_e02_v1.json	Matched prediction-ridge calibration also beat raw public average head in both episode-heldout directions: +0.036675 train e01 val e02 and +0.042181 train e02 val e01.
R0078	2026-05-14T11:55:00Z	quality	subject_adaptation	lowrank_vs_prediction_ridge_episode_holdout_s01_e01_e02	mean_delta	0.001695	0	not_supported	cache/ablation_results/tribe_subject_adaptation_episode_holdout_s01_e01_e02_v1.json	Low-rank readout does not clear the +0.01 specific gate over the matched prediction-ridge control; it wins one episode direction by +0.003803 and loses the reverse by -0.000412.
R0079	2026-05-14T11:58:00Z	quality	tests	focused_research_suite_after_episode_holdout	pytest_pass	51/51	3.34	supported	pytest_stdout	Full focused research suite passed after episode-disjoint and metadata guard updates; warnings are existing neuralset, x-transformers, and Lightning warnings.
R0080	2026-05-14T12:05:00Z	quality	subject_adaptation	tribe_native_tr_subject_adaptation_train_e01_val_e02	delta_vs_full_average_head	0.035927	176.727292	supported_local_native_tr	cache/ablation_results/tribe_native_tr_subject_adaptation_train_e01_val_e02_v1.json	Native fMRI-TR scoring: frozen low-rank readout beat raw public average head on held-out e02 by +0.035927; matched prediction-ridge delta was +0.033679.
R0081	2026-05-14T12:05:00Z	quality	subject_adaptation	tribe_native_tr_subject_adaptation_train_e02_val_e01	delta_vs_full_average_head	0.039117	176.901209	supported_local_native_tr	cache/ablation_results/tribe_native_tr_subject_adaptation_train_e02_val_e01_v1.json	Native fMRI-TR scoring: frozen low-rank readout beat raw public average head on held-out e01 by +0.039117; matched prediction-ridge delta was +0.040313.
R0082	2026-05-14T12:08:00Z	quality	subject_adaptation	tribe_native_tr_subject_adaptation_episode_holdout_s01_e01_e02	mean_delta_vs_full_average_head	0.037522	353.628501	supported_local_native_tr	cache/ablation_results/tribe_native_tr_subject_adaptation_episode_holdout_s01_e01_e02_v1.json	Native fMRI-TR episode-heldout aggregate: low-rank +0.037522 vs raw head and prediction-ridge +0.036996 vs raw head; low-rank minus prediction-ridge only +0.000525, below the +0.01 specific gate.
R0083	2026-05-14T12:10:00Z	quality	tests	focused_research_suite_after_native_tr	pytest_pass	53/53	3.32	supported	pytest_stdout	Full focused research suite passed after adding native-TR subject-adaptation evaluator; warnings are existing neuralset, x-transformers, and Lightning warnings.
R0084	2026-05-14T12:10:00Z	data	materialization	git_annex_get_sub02_friends_fmri_atlas	files_available	2/2	10.435500	supported	research/logs/git_annex_get_sub02_friends_fmri_atlas_v1.log	Materialized sub-02 Friends fMRI h5 and Schaefer atlas needed for multi-subject native-TR validation.
R0085	2026-05-14T12:10:06Z	quality	baseline	pretrained_tribe_text_audio_video_sub02_s01_e01_e02	mean_1hz_baseline	0.203991	6.805000	supported_proxy	cache/ablation_results/pretrained_tribe_text_audio_video_sub-02_s01e01a_parcel_approx_v1.json	Public full TRIBE baseline arrays completed for sub-02 e01a/e01b/e02a/e02b; per-chunk local 1Hz means were 0.180738, 0.204606, 0.214998, 0.215622.
R0086	2026-05-14T12:12:00Z	quality	subject_adaptation	tribe_frozen_readout_sub02_train_e01_val_e02_1hz	delta_vs_full_average_head	0.046737	11.930704	supported_local	cache/ablation_results/tribe_frozen_readout_sub-02_train_e01_val_e02_v1.json	Sub-02 1Hz cache-building readout run was positive; used mainly to materialize v2 low-rank feature caches for native-TR scoring.
R0087	2026-05-14T12:18:00Z	quality	subject_adaptation	tribe_native_tr_subject_adaptation_sub02_episode_holdout	mean_delta_prediction_ridge_vs_full	0.041374	350.533148	supported_local_native_tr	cache/ablation_results/tribe_native_tr_subject_adaptation_sub-02_episode_holdout_s01_e01_e02_v1.json	Sub-02 native-TR episode-heldout prediction-ridge calibration beat raw public average head in both directions; low-rank mean delta was +0.040864.
R0088	2026-05-14T12:20:00Z	quality	subject_adaptation	tribe_native_tr_subject_adaptation_sub01_sub02_episode_holdout	mean_delta_prediction_ridge_vs_full	0.039185	704.161649	supported_local_native_tr	cache/ablation_results/tribe_native_tr_subject_adaptation_sub-01_sub-02_episode_holdout_s01_e01_e02_v1.json	Across sub-01 and sub-02 native-TR episode-heldout checks, prediction-ridge calibration improved raw public average head by +0.039185 and low-rank by +0.039193.
R0089	2026-05-14T12:20:00Z	quality	subject_adaptation	lowrank_vs_prediction_ridge_sub01_sub02_native_tr	mean_delta	0.000007	0	not_supported	cache/ablation_results/tribe_native_tr_subject_adaptation_sub-01_sub-02_episode_holdout_s01_e01_e02_v1.json	Across two subjects, low-rank and prediction-ridge are effectively tied; low-rank minus prediction-ridge mean is +0.000007, far below the +0.01 model-level gate.
R0090	2026-05-14T13:31:00Z	data	materialization	git_annex_get_sub03_sub05_friends_fmri_atlas	files_available	4/4	n/a	supported	research/logs/git_annex_get_sub03_sub05_friends_fmri_atlas_v1.log	Recovered prior materialization log: sub-03 and sub-05 Friends fMRI h5 plus Schaefer atlases are available for native-TR validation.
R0091	2026-05-14T13:31:00Z	quality	baseline	pretrained_tribe_text_audio_video_sub03_s01_e01_e02	mean_1hz_baseline	0.217404	7.309122	supported_proxy	cache/ablation_results/pretrained_tribe_text_audio_video_sub-03_s01e01a_parcel_approx_v1.json	Public full TRIBE baseline arrays completed for sub-03 e01a/e01b/e02a/e02b; per-chunk local 1Hz means were 0.207373, 0.218944, 0.219980, 0.223319.
R0092	2026-05-14T13:31:00Z	quality	baseline	pretrained_tribe_text_audio_video_sub05_s01_e01_e02	mean_1hz_baseline	0.181857	6.291314	supported_proxy	cache/ablation_results/pretrained_tribe_text_audio_video_sub-05_s01e01a_parcel_approx_v1.json	Public full TRIBE baseline arrays completed for sub-05 e01a/e01b/e02a/e02b; per-chunk local 1Hz means were 0.145897, 0.188007, 0.206847, 0.186675.
R0093	2026-05-14T13:31:00Z	quality	subject_adaptation	tribe_native_tr_subject_adaptation_sub03_episode_holdout	mean_delta_prediction_ridge_vs_full	0.052475	5.115397	supported_local_native_tr	cache/ablation_results/tribe_native_tr_subject_adaptation_sub-03_train_e01_val_e02_v1.json	Sub-03 native-TR episode-heldout prediction-ridge calibration beat raw public average head in both directions; low-rank mean delta was +0.052508.
R0094	2026-05-14T13:31:00Z	quality	subject_adaptation	tribe_native_tr_subject_adaptation_sub05_episode_holdout	mean_delta_prediction_ridge_vs_full	0.029219	5.338799	supported_local_native_tr	cache/ablation_results/tribe_native_tr_subject_adaptation_sub-05_train_e01_val_e02_v1.json	Sub-05 native-TR episode-heldout prediction-ridge calibration beat raw public average head in both directions; low-rank mean delta was +0.029336.
R0095	2026-05-14T13:31:00Z	quality	subject_adaptation	tribe_native_tr_subject_adaptation_sub01_sub02_sub03_sub05_episode_holdout	mean_delta_prediction_ridge_vs_full	0.040016	751.900699	supported_local_native_tr	cache/ablation_results/tribe_native_tr_subject_adaptation_sub-01_sub-02_sub-03_sub-05_episode_holdout_s01_e01_e02_v1.json	Across four subjects, prediction-ridge calibration improved raw public average head by +0.040016 and low-rank by +0.040057 under native-TR episode-heldout local scoring.
R0096	2026-05-14T13:31:00Z	quality	subject_adaptation	lowrank_vs_prediction_ridge_sub01_sub02_sub03_sub05_native_tr	mean_delta	0.000041	0	not_supported	cache/ablation_results/tribe_native_tr_subject_adaptation_sub-01_sub-02_sub-03_sub-05_episode_holdout_s01_e01_e02_v1.json	Across four subjects, low-rank and prediction-ridge remain effectively tied; low-rank minus prediction-ridge mean is +0.000041, far below the +0.01 model-level gate.
R0097	2026-05-14T13:35:00Z	quality	tests	full_research_suite_after_recovery_continuation	pytest_pass	53/53	3.34	supported	pytest_stdout	Full focused research suite passed after recovering and continuing the sub-03/sub-05 native-TR subject-adaptation scale-out; TSV schema checks also passed.
R0098	2026-05-15T01:21:06Z	quality	tests	calibrated_submission_utility_suite	pytest_pass	8/8	3.24	supported	pytest_stdout	Focused calibration/submission utility tests passed after adding prediction-ridge submission calibration; one existing neuralset warning remains.
R0099	2026-05-15T01:21:06Z	smoke	submission_harness	tribe_prediction_ridge_friends_s7_sub01_s07e01a	shape_finite	(460,1000);finite	3.310866	supported_smoke	cache/submissions/tribe_prediction_ridge_friends_s7_sub01_s07e01a_manifest_v1.json	Calibrated official-format prediction file generated from raw public TRIBE sub-01 Friends S7 s07e01a artifact; no hidden labels used and no score claim.
R0100	2026-05-15T01:23:00Z	quality	tests	full_research_suite_after_calibrated_submission	pytest_pass	55/55	3.33	supported	pytest_stdout	Full focused research suite passed after adding calibrated submission harness; TSV schema checks passed for all autoresearch ledgers.
R0101	2026-05-19T07:32:48Z	smoke	faithful_retrain	H001-S_full_modality_cold_cache	pytest_pass	blocked_budget_cold_video	1518	blocked	cache/ablation_results/tribe_faithful_retrain_H001-S_blocked_20260519T073248Z.json	Harness tests passed 11/11, but the queued full-modality cold-cache smoke was stopped before training because video feature extraction projected beyond the 1h budget ceiling.
