artifact_id	timestamp_utc	artifact_type	path	provenance	notes
A0001	2026-05-13T22:34:05Z	result_json	cache/ablation_results/text_path_ablation_20260513T223405Z.json	experiments/text_path_ablation.py	Cold event-only direct-vs-legacy timing artifact.
A0002	2026-05-13T22:34:25Z	result_json	cache/ablation_results/text_path_ablation_20260513T223425Z.json	experiments/text_path_ablation.py	Direct-vs-legacy prediction agreement artifact.
A0003	2026-05-14T00:00:00Z	result_json	cache/ablation_results/algonauts_text_loss_ablation_s01_6chunk_tiny_10epoch_loss.json	experiments/algonauts_text_loss_ablation.py	Six-chunk MSE and PearsonMSE result.
A0004	2026-05-14T00:00:00Z	result_json	cache/ablation_results/algonauts_text_loss_ablation_s01_6chunk_tiny_10epoch_delay.json	experiments/algonauts_text_loss_ablation.py	Six-chunk PearsonMSE plus TemporalDelayBank result.
A0005	2026-05-14T00:00:00Z	result_json	cache/ablation_results/algonauts_text_loss_ablation_s01_8chunk_tiny_10epoch_loss.json	experiments/algonauts_text_loss_ablation.py	Eight-chunk MSE and PearsonMSE result.
A0006	2026-05-14T00:00:00Z	split_manifest	research/manifests/algonauts_s01_e01_e08_val_e07_e08_v1.csv	manual preregistration	Episode-held-out manifest for next exploratory run.
A0007	2026-05-14T00:53:11Z	result_json	cache/ablation_results/algonauts_text_loss_episode_s01_e01_e08_val_e07_e08_3seed_v1.json	experiments/algonauts_text_loss_ablation.py	Three-seed episode-held-out tiny-model MSE vs PearsonMSE result.
A0008	2026-05-14T00:53:11Z	run_log	research/logs/algonauts_text_loss_episode_s01_e01_e08_val_e07_e08_3seed_v1.log	experiments/algonauts_text_loss_ablation.py	Successful run log.
A0009	2026-05-14T00:49:00Z	failure_log	research/logs/algonauts_text_loss_episode_s01_e01_e08_val_e07_e08_3seed_v1_attempt1_missing_video.log	experiments/algonauts_text_loss_ablation.py	Failed because required video files were not materialized.
A0010	2026-05-14T00:51:00Z	failure_log	research/logs/algonauts_text_loss_episode_s01_e01_e08_val_e07_e08_3seed_v1_attempt2_split_nan.log	experiments/algonauts_text_loss_ablation.py	Failed because generated rows had missing chunk/movie values before split inference patch.
A0011	2026-05-14T01:19:56Z	result_json	cache/ablation_results/algonauts_text_loss_episode_s01_e01_e08_val_e07_e08_full_3seed_v1.json	experiments/algonauts_text_loss_ablation.py	Three-seed episode-held-out default-model MSE vs high-weight PearsonMSE result.
A0012	2026-05-14T01:19:56Z	run_log	research/logs/algonauts_text_loss_episode_s01_e01_e08_val_e07_e08_full_3seed_v1.log	experiments/algonauts_text_loss_ablation.py	Successful default-model run log.
A0013	2026-05-14T01:22:50Z	result_json	cache/ablation_results/algonauts_text_loss_episode_s01_e01_e08_val_e07_e08_full_aux_p010_3seed_v1.json	experiments/algonauts_text_loss_ablation.py	Default-model weak Pearson auxiliary 0.1 result.
A0014	2026-05-14T01:22:50Z	run_log	research/logs/algonauts_text_loss_episode_s01_e01_e08_val_e07_e08_full_aux_p010_3seed_v1.log	experiments/algonauts_text_loss_ablation.py	Default-model weak Pearson auxiliary 0.1 log.
A0015	2026-05-14T01:23:33Z	result_json	cache/ablation_results/algonauts_text_loss_episode_s01_e01_e08_val_e07_e08_full_aux_p025_3seed_v1.json	experiments/algonauts_text_loss_ablation.py	Default-model weak Pearson auxiliary 0.25 result.
A0016	2026-05-14T01:23:33Z	run_log	research/logs/algonauts_text_loss_episode_s01_e01_e08_val_e07_e08_full_aux_p025_3seed_v1.log	experiments/algonauts_text_loss_ablation.py	Default-model weak Pearson auxiliary 0.25 log.
A0017	2026-05-14T01:27:00Z	result_json	cache/ablation_results/algonauts_text_loss_episode_s01_e01_e08_val_e07_e08_full_mse_delay_l6s2_3seed_v1.json	experiments/algonauts_text_loss_ablation.py	Default-model MSE plus TemporalDelayBank result.
A0018	2026-05-14T01:27:00Z	run_log	research/logs/algonauts_text_loss_episode_s01_e01_e08_val_e07_e08_full_mse_delay_l6s2_3seed_v1.log	experiments/algonauts_text_loss_ablation.py	Default-model MSE plus TemporalDelayBank log.
A0019	2026-05-14T01:27:00Z	split_manifest	research/manifests/algonauts_s01_e01_e12_val_e11_e12_v1.csv	manual preregistration	Episode-held-out manifest for weak auxiliary falsification run.
A0020	2026-05-14T02:16:54Z	result_json	cache/ablation_results/algonauts_text_loss_episode_s01_e01_e12_val_e11_e12_full_aux_p010_3seed_v1.json	experiments/algonauts_text_loss_ablation.py	Larger-split weak Pearson auxiliary falsification result.
A0021	2026-05-14T02:16:54Z	run_log	research/logs/algonauts_text_loss_episode_s01_e01_e12_val_e11_e12_full_aux_p010_3seed_v1.log	experiments/algonauts_text_loss_ablation.py	Larger-split weak Pearson auxiliary falsification log.
A0022	2026-05-14T02:24:45Z	result_json	cache/ablation_results/algonauts_text_loss_episode_s01_e01_e12_val_e11_e12_full_mse_output_delay_l6s2_3seed_v1.json	experiments/algonauts_text_loss_ablation.py	Larger-split output-level TemporalDelayBank result.
A0023	2026-05-14T02:24:45Z	run_log	research/logs/algonauts_text_loss_episode_s01_e01_e12_val_e11_e12_full_mse_output_delay_l6s2_3seed_v1.log	experiments/algonauts_text_loss_ablation.py	Larger-split output-level TemporalDelayBank log.
A0024	2026-05-14T03:09:26Z	result_json	cache/ablation_results/algonauts_text_loss_episode_s01_e01_e12_val_e11_e12_full_mse_qwen06b_6layers_3seed_v1.json	experiments/algonauts_text_loss_ablation.py	Larger-split averaged six-layer Qwen text feature result.
A0025	2026-05-14T03:09:26Z	run_log	research/logs/algonauts_text_loss_episode_s01_e01_e12_val_e11_e12_full_mse_qwen06b_6layers_3seed_v1.log	experiments/algonauts_text_loss_ablation.py	Larger-split averaged six-layer Qwen text feature log.
A0026	2026-05-14T03:11:35Z	failure_log	research/logs/smoke_qwen06b_6layers_cat_dims_v1.log	experiments/algonauts_text_loss_ablation.py	Failed concatenated-layer dimension smoke; config validator rejected data.layer_aggregation=cat.
A0027	2026-05-14T03:17:02Z	result_json	cache/ablation_results/smoke_qwen06b_6layers_none_dims_v1.json	experiments/algonauts_text_loss_ablation.py	Successful dimension smoke for six-layer Qwen features with layer_aggregation=None.
A0028	2026-05-14T03:17:02Z	run_log	research/logs/smoke_qwen06b_6layers_none_dims_v1.log	experiments/algonauts_text_loss_ablation.py	Successful dimension smoke log for six-layer Qwen features with layer_aggregation=None.
A0029	2026-05-14T04:01:43Z	result_json	cache/ablation_results/algonauts_text_loss_episode_s01_e01_e12_val_e11_e12_full_mse_qwen06b_6layers_none_3seed_v1.json	experiments/algonauts_text_loss_ablation.py	Larger-split true six-layer Qwen feature result with layer_aggregation=None.
A0030	2026-05-14T04:01:43Z	run_log	research/logs/algonauts_text_loss_episode_s01_e01_e12_val_e11_e12_full_mse_qwen06b_6layers_none_3seed_v1.log	experiments/algonauts_text_loss_ablation.py	Larger-split true six-layer Qwen feature log with layer_aggregation=None.
A0031	2026-05-14T04:25:35Z	result_json	cache/ablation_results/smoke_llama32_3b_groupmean_dims_v1.json	experiments/algonauts_text_loss_ablation.py	Successful dimension smoke for paper-style Llama-3.2-3B group-mean text features.
A0032	2026-05-14T04:25:35Z	run_log	research/logs/smoke_llama32_3b_groupmean_dims_v1.log	experiments/algonauts_text_loss_ablation.py	Successful dimension smoke log for paper-style Llama-3.2-3B group-mean text features.
A0033	2026-05-14T05:57:07Z	result_json	cache/ablation_results/smoke_text_audio_qwen06b_dims_v1.json	experiments/algonauts_text_loss_ablation.py	Successful dimension smoke for text+audio Qwen/Wav2Vec-BERT features.
A0034	2026-05-14T05:57:07Z	run_log	research/logs/smoke_text_audio_qwen06b_dims_v1.log	experiments/algonauts_text_loss_ablation.py	Successful dimension smoke log for text+audio Qwen/Wav2Vec-BERT features.
A0035	2026-05-14T06:30:32Z	result_json	cache/ablation_results/algonauts_text_loss_episode_s01_e01_e12_val_e11_e12_full_mse_llama32_3b_groupmean_3seed_v1.json	experiments/algonauts_text_loss_ablation.py	Full three-seed paper-style Llama-3.2-3B group-mean text feature ablation result.
A0036	2026-05-14T06:30:32Z	run_log	research/logs/algonauts_text_loss_episode_s01_e01_e12_val_e11_e12_full_mse_llama32_3b_groupmean_3seed_v1.log	experiments/algonauts_text_loss_ablation.py	Full three-seed paper-style Llama-3.2-3B group-mean text feature ablation log.
A0037	2026-05-14T06:37:11Z	result_json	cache/ablation_results/algonauts_text_loss_episode_s01_e01_e12_val_e09_e10_full_mse_qwen06b_3seed_v1.json	experiments/algonauts_text_loss_ablation.py	Frozen second-split Qwen MSE baseline result for e09/e10 holdout.
A0038	2026-05-14T06:37:11Z	run_log	research/logs/algonauts_text_loss_episode_s01_e01_e12_val_e09_e10_full_mse_qwen06b_3seed_v1.log	experiments/algonauts_text_loss_ablation.py	Frozen second-split Qwen MSE baseline log for e09/e10 holdout.
A0039	2026-05-14T06:37:42Z	result_json	cache/ablation_results/algonauts_text_loss_episode_s01_e01_e12_val_e09_e10_full_mse_llama32_3b_groupmean_3seed_v1.json	experiments/algonauts_text_loss_ablation.py	Frozen second-split Llama-3.2-3B group-mean text feature result for e09/e10 holdout.
A0040	2026-05-14T06:37:42Z	run_log	research/logs/algonauts_text_loss_episode_s01_e01_e12_val_e09_e10_full_mse_llama32_3b_groupmean_3seed_v1.log	experiments/algonauts_text_loss_ablation.py	Frozen second-split Llama-3.2-3B group-mean text feature log for e09/e10 holdout.
A0041	2026-05-14T07:11:25Z	result_json	cache/ablation_results/pretrained_tribe_textonly_s01e01a_surface_approx_v1.json	experiments/eval_pretrained_tribe_algonauts.py	Public facebook/tribev2 text-only one-chunk approximate fsaverage5 surface evaluation result.
A0042	2026-05-14T07:11:25Z	run_log	research/logs/pretrained_tribe_textonly_s01e01a_surface_approx_v1.log	experiments/eval_pretrained_tribe_algonauts.py	Public facebook/tribev2 text-only one-chunk approximate fsaverage5 surface evaluation log.
A0043	2026-05-14T07:22:58Z	result_json	cache/ablation_results/pretrained_tribe_textonly_s01e01a_parcel_approx_v1.json	experiments/eval_pretrained_tribe_algonauts.py	Public facebook/tribev2 text-only one-chunk approximate Schaefer parcel evaluation result.
A0044	2026-05-14T07:22:58Z	run_log	research/logs/pretrained_tribe_textonly_s01e01a_parcel_approx_v1.log	experiments/eval_pretrained_tribe_algonauts.py	Public facebook/tribev2 text-only one-chunk approximate Schaefer parcel evaluation log.
A0045	2026-05-14T07:56:53Z	result_json	cache/ablation_results/pretrained_tribe_text_audio_video_s01e01a_surface_approx_v1.json	experiments/eval_pretrained_tribe_algonauts.py	Public facebook/tribev2 full multimodal one-chunk approximate fsaverage5 surface evaluation result.
A0046	2026-05-14T07:56:53Z	run_log	research/logs/pretrained_tribe_text_audio_video_s01e01a_surface_approx_v1.log	experiments/eval_pretrained_tribe_algonauts.py	Public facebook/tribev2 full multimodal one-chunk approximate fsaverage5 surface evaluation log.
A0047	2026-05-14T07:58:21Z	result_json	cache/ablation_results/pretrained_tribe_textonly_s01e01a_parcel_approx_v2.json	experiments/eval_pretrained_tribe_algonauts.py	Public facebook/tribev2 text-only one-chunk approximate Schaefer parcel evaluation result with array export.
A0048	2026-05-14T07:58:21Z	run_log	research/logs/pretrained_tribe_textonly_s01e01a_parcel_approx_v2.log	experiments/eval_pretrained_tribe_algonauts.py	Public facebook/tribev2 text-only one-chunk approximate Schaefer parcel evaluation log with array export.
A0049	2026-05-14T07:58:21Z	array_npz	cache/ablation_results/pretrained_tribe_textonly_s01e01a_parcel_approx_v2.npz	experiments/eval_pretrained_tribe_algonauts.py	Metric-space predictions, targets, sample times, and finite-row mask for text-only parcel run.
A0050	2026-05-14T07:58:22Z	result_json	cache/ablation_results/pretrained_tribe_text_audio_video_s01e01a_parcel_approx_v2.json	experiments/eval_pretrained_tribe_algonauts.py	Public facebook/tribev2 full multimodal one-chunk approximate Schaefer parcel evaluation result with array export.
A0051	2026-05-14T07:58:22Z	run_log	research/logs/pretrained_tribe_text_audio_video_s01e01a_parcel_approx_v2.log	experiments/eval_pretrained_tribe_algonauts.py	Public facebook/tribev2 full multimodal one-chunk approximate Schaefer parcel evaluation log with array export.
A0052	2026-05-14T07:58:22Z	array_npz	cache/ablation_results/pretrained_tribe_text_audio_video_s01e01a_parcel_approx_v2.npz	experiments/eval_pretrained_tribe_algonauts.py	Metric-space predictions, targets, sample times, and finite-row mask for full multimodal parcel run.
A0053	2026-05-14T07:59:14Z	result_json	cache/ablation_results/pretrained_tribe_text_vs_full_s01e01a_parcel_matched_v1.json	manual comparison	Public facebook/tribev2 text-only vs full multimodal approximate parcel comparison on nearest matched sample times.
A0054	2026-05-14T08:56:50Z	result_json	cache/ablation_results/pretrained_tribe_text_audio_video_s01e01b_parcel_approx_v1.json	experiments/eval_pretrained_tribe_algonauts.py	Public facebook/tribev2 full multimodal e01b approximate Schaefer parcel evaluation result with array export.
A0055	2026-05-14T08:56:50Z	run_log	research/logs/pretrained_tribe_text_audio_video_s01e01b_parcel_approx_v1.log	experiments/eval_pretrained_tribe_algonauts.py	Public facebook/tribev2 full multimodal e01b approximate Schaefer parcel evaluation log with array export.
A0056	2026-05-14T08:56:50Z	array_npz	cache/ablation_results/pretrained_tribe_text_audio_video_s01e01b_parcel_approx_v1.npz	experiments/eval_pretrained_tribe_algonauts.py	Metric-space predictions, targets, sample times, and finite-row mask for full multimodal e01b parcel run.
A0057	2026-05-14T08:50:16Z	result_json	cache/ablation_results/pretrained_tribe_text_audio_video_s01e02a_parcel_approx_v1.json	experiments/eval_pretrained_tribe_algonauts.py	Public facebook/tribev2 full multimodal e02a approximate Schaefer parcel evaluation result with array export.
A0058	2026-05-14T08:50:16Z	run_log	research/logs/pretrained_tribe_text_audio_video_s01e02a_parcel_approx_v1.log	experiments/eval_pretrained_tribe_algonauts.py	Public facebook/tribev2 full multimodal e02a approximate Schaefer parcel evaluation log with array export.
A0059	2026-05-14T08:50:16Z	array_npz	cache/ablation_results/pretrained_tribe_text_audio_video_s01e02a_parcel_approx_v1.npz	experiments/eval_pretrained_tribe_algonauts.py	Metric-space predictions, targets, sample times, and finite-row mask for full multimodal e02a parcel run.
A0060	2026-05-14T08:07:17Z	result_json	cache/ablation_results/tribe_calibration_multimodal_s01e01a_parcel_temporal_ridge_v1.json	experiments/tribe_calibration_ablation.py	Within-chunk temporal ridge calibration result comparing calibrated public TRIBE predictions against raw public TRIBE.
A0061	2026-05-14T08:07:17Z	run_log	research/logs/tribe_calibration_multimodal_s01e01a_parcel_temporal_ridge_v1.log	experiments/tribe_calibration_ablation.py	Within-chunk temporal ridge calibration run log.
A0062	2026-05-14T08:57:09Z	result_json	cache/ablation_results/tribe_calibration_multimodal_train_e01ab_val_e02a_parcel_temporal_ridge_v1.json	experiments/tribe_calibration_ablation.py	Cross-chunk temporal ridge calibration result comparing calibrated public TRIBE predictions against raw public TRIBE.
A0063	2026-05-14T08:57:09Z	run_log	research/logs/tribe_calibration_multimodal_train_e01ab_val_e02a_parcel_temporal_ridge_v1.log	experiments/tribe_calibration_ablation.py	Cross-chunk temporal ridge calibration run log.
A0064	2026-05-14T09:05:24Z	result_json	cache/ablation_results/tribe_calibration_multimodal_s01e01a_parcel_global_ridge_a1000_v1.json	experiments/tribe_calibration_ablation.py	Within-chunk global spatiotemporal ridge adapter result comparing calibrated public TRIBE predictions against raw public TRIBE.
A0065	2026-05-14T09:05:24Z	run_log	research/logs/tribe_calibration_multimodal_s01e01a_parcel_global_ridge_a1000_v1.log	experiments/tribe_calibration_ablation.py	Within-chunk global spatiotemporal ridge adapter run log.
A0066	2026-05-14T09:05:28Z	result_json	cache/ablation_results/tribe_calibration_multimodal_train_e01ab_val_e02a_parcel_global_ridge_a1000_v1.json	experiments/tribe_calibration_ablation.py	Cross-chunk global spatiotemporal ridge adapter result comparing calibrated public TRIBE predictions against raw public TRIBE.
A0067	2026-05-14T09:05:28Z	run_log	research/logs/tribe_calibration_multimodal_train_e01ab_val_e02a_parcel_global_ridge_a1000_v1.log	experiments/tribe_calibration_ablation.py	Cross-chunk global spatiotemporal ridge adapter run log.
A0068	2026-05-14T09:56:21Z	script	experiments/predict_tribe_algonauts_submission.py	Codex leaderboard-format harness	Adds Algonauts-style hidden-stimulus prediction generation from facebook/tribev2 with target sample-count resampling, subject projection, nonfinite filling, optional zip output, and dry-run manifests.
A0069	2026-05-14T09:56:21Z	test	tests/test_submission_prediction_utils.py	Codex unit tests	Tests submission utility behavior for resampling, duplicate target times, nonfinite fill policy, item discovery, and stimulus path construction.
A0070	2026-05-14T09:56:21Z	manifest_json	cache/submissions/dryrun_tribe_friends_s7_sub01_s07e01a_text_manifest_v1.json	experiments/predict_tribe_algonauts_submission.py	Dry-run manifest for Friends season 7 sub-01 s07e01a text-only submission path; no hidden labels used.
A0071	2026-05-14T09:56:21Z	manifest_json	cache/submissions/dryrun_tribe_ood_sub01_pulpfiction1_text_manifest_v1.json	experiments/predict_tribe_algonauts_submission.py	Dry-run manifest for OOD Pulp Fiction sub-01 pulpfiction1 text-only submission path; no hidden labels used.
A0072	2026-05-14T09:56:21Z	manifest_json	cache/submissions/dryrun_tribe_ood_sub01_chaplin1_text_manifest_v1.json	experiments/predict_tribe_algonauts_submission.py	Dry-run manifest for OOD Charlie Chaplin sub-01 chaplin1 text-only path, documenting missing transcript/movie material; no hidden labels used.
A0073	2026-05-14T09:56:21Z	submission_npy	cache/submissions/tribe_textonly_friends_s7_sub01_s07e01a_v1.npy	experiments/predict_tribe_algonauts_submission.py	Algonauts-style nested prediction dictionary for facebook/tribev2 text-only Friends S7 sub-01 s07e01a; all finite after row-mean fill.
A0074	2026-05-14T09:56:21Z	submission_zip	cache/submissions/tribe_textonly_friends_s7_sub01_s07e01a_v1.zip	experiments/predict_tribe_algonauts_submission.py	Zipped text-only Friends S7 sub-01 s07e01a prediction file for submission-format smoke testing.
A0075	2026-05-14T09:56:21Z	manifest_json	cache/submissions/tribe_textonly_friends_s7_sub01_s07e01a_manifest_v1.json	experiments/predict_tribe_algonauts_submission.py	Manifest for text-only Friends S7 sub-01 s07e01a submission-format smoke; records shape, finite fill count, cache status, and runtime.
A0076	2026-05-14T09:56:21Z	run_log	research/logs/tribe_textonly_friends_s7_sub01_s07e01a_submission_smoke_v1.log	experiments/predict_tribe_algonauts_submission.py	Run log for text-only Friends S7 sub-01 s07e01a submission-format smoke.
A0077	2026-05-14T09:56:21Z	run_log	research/logs/git_annex_get_friends_s7_s07e01a_movie_v1.log	git-annex	Movie materialization log for Friends S7 s07e01a fetched from the Algonauts 2025 competitors stimuli movie submodule.
A0078	2026-05-14T09:56:21Z	submission_npy	cache/submissions/tribe_full_friends_s7_sub01_s07e01a_v1.npy	experiments/predict_tribe_algonauts_submission.py	Algonauts-style nested prediction dictionary for facebook/tribev2 text+audio+video Friends S7 sub-01 s07e01a; all finite after row-mean fill.
A0079	2026-05-14T09:56:21Z	submission_zip	cache/submissions/tribe_full_friends_s7_sub01_s07e01a_v1.zip	experiments/predict_tribe_algonauts_submission.py	Zipped full multimodal Friends S7 sub-01 s07e01a prediction file for submission-format smoke testing.
A0080	2026-05-14T09:56:21Z	manifest_json	cache/submissions/tribe_full_friends_s7_sub01_s07e01a_manifest_v1.json	experiments/predict_tribe_algonauts_submission.py	Manifest for full text+audio+video Friends S7 sub-01 s07e01a submission-format smoke; records shape, finite fill count, prediction segments, cache status, and runtime.
A0081	2026-05-14T09:56:21Z	run_log	research/logs/tribe_full_friends_s7_sub01_s07e01a_submission_smoke_v1.log	experiments/predict_tribe_algonauts_submission.py	Run log for full text+audio+video Friends S7 sub-01 s07e01a submission-format smoke.
A0082	2026-05-14T10:03:21Z	result_json	cache/ablation_results/pretrained_tribe_textonly_s01e02a_parcel_approx_v1.json	experiments/eval_pretrained_tribe_algonauts.py	Public TRIBE text-only local approximate parcel result for sub-01 Friends s01e02a modality ablation.
A0083	2026-05-14T10:03:21Z	run_log	research/logs/pretrained_tribe_textonly_s01e02a_parcel_approx_v1.log	experiments/eval_pretrained_tribe_algonauts.py	Run log for public TRIBE text-only s01e02a modality ablation.
A0084	2026-05-14T10:03:21Z	array_npz	cache/ablation_results/pretrained_tribe_textonly_s01e02a_parcel_approx_v1.npz	experiments/eval_pretrained_tribe_algonauts.py	Metric-space predictions, targets, sample times, and finite-row mask for text-only s01e02a modality ablation.
A0085	2026-05-14T10:03:21Z	result_json	cache/ablation_results/pretrained_tribe_audioonly_s01e02a_parcel_approx_v1.json	experiments/eval_pretrained_tribe_algonauts.py	Public TRIBE audio-only local approximate parcel result for sub-01 Friends s01e02a modality ablation; Pearson undefined due constant predictions.
A0086	2026-05-14T10:03:21Z	run_log	research/logs/pretrained_tribe_audioonly_s01e02a_parcel_approx_v1.log	experiments/eval_pretrained_tribe_algonauts.py	Run log for public TRIBE audio-only s01e02a modality ablation.
A0087	2026-05-14T10:03:21Z	array_npz	cache/ablation_results/pretrained_tribe_audioonly_s01e02a_parcel_approx_v1.npz	experiments/eval_pretrained_tribe_algonauts.py	Metric-space predictions, targets, sample times, and finite-row mask for audio-only s01e02a modality ablation.
A0088	2026-05-14T10:03:21Z	result_json	cache/ablation_results/pretrained_tribe_videoonly_s01e02a_parcel_approx_v1.json	experiments/eval_pretrained_tribe_algonauts.py	Public TRIBE video-only local approximate parcel result for sub-01 Friends s01e02a modality ablation.
A0089	2026-05-14T10:03:21Z	run_log	research/logs/pretrained_tribe_videoonly_s01e02a_parcel_approx_v1.log	experiments/eval_pretrained_tribe_algonauts.py	Run log for public TRIBE video-only s01e02a modality ablation.
A0090	2026-05-14T10:03:21Z	array_npz	cache/ablation_results/pretrained_tribe_videoonly_s01e02a_parcel_approx_v1.npz	experiments/eval_pretrained_tribe_algonauts.py	Metric-space predictions, targets, sample times, and finite-row mask for video-only s01e02a modality ablation.
A0091	2026-05-14T10:03:21Z	result_json	cache/ablation_results/pretrained_tribe_text_audio_s01e02a_parcel_approx_v1.json	experiments/eval_pretrained_tribe_algonauts.py	Public TRIBE text+audio local approximate parcel result for sub-01 Friends s01e02a modality ablation.
A0092	2026-05-14T10:03:21Z	run_log	research/logs/pretrained_tribe_text_audio_s01e02a_parcel_approx_v1.log	experiments/eval_pretrained_tribe_algonauts.py	Run log for public TRIBE text+audio s01e02a modality ablation.
A0093	2026-05-14T10:03:21Z	array_npz	cache/ablation_results/pretrained_tribe_text_audio_s01e02a_parcel_approx_v1.npz	experiments/eval_pretrained_tribe_algonauts.py	Metric-space predictions, targets, sample times, and finite-row mask for text+audio s01e02a modality ablation.
A0094	2026-05-14T10:03:21Z	result_json	cache/ablation_results/pretrained_tribe_text_video_s01e02a_parcel_approx_v1.json	experiments/eval_pretrained_tribe_algonauts.py	Public TRIBE text+video local approximate parcel result for sub-01 Friends s01e02a modality ablation.
A0095	2026-05-14T10:03:21Z	run_log	research/logs/pretrained_tribe_text_video_s01e02a_parcel_approx_v1.log	experiments/eval_pretrained_tribe_algonauts.py	Run log for public TRIBE text+video s01e02a modality ablation.
A0096	2026-05-14T10:03:21Z	array_npz	cache/ablation_results/pretrained_tribe_text_video_s01e02a_parcel_approx_v1.npz	experiments/eval_pretrained_tribe_algonauts.py	Metric-space predictions, targets, sample times, and finite-row mask for text+video s01e02a modality ablation.
A0097	2026-05-14T10:03:21Z	result_json	cache/ablation_results/pretrained_tribe_audio_video_s01e02a_parcel_approx_v1.json	experiments/eval_pretrained_tribe_algonauts.py	Public TRIBE audio+video local approximate parcel result for sub-01 Friends s01e02a modality ablation.
A0098	2026-05-14T10:03:21Z	run_log	research/logs/pretrained_tribe_audio_video_s01e02a_parcel_approx_v1.log	experiments/eval_pretrained_tribe_algonauts.py	Run log for public TRIBE audio+video s01e02a modality ablation.
A0099	2026-05-14T10:03:21Z	array_npz	cache/ablation_results/pretrained_tribe_audio_video_s01e02a_parcel_approx_v1.npz	experiments/eval_pretrained_tribe_algonauts.py	Metric-space predictions, targets, sample times, and finite-row mask for audio+video s01e02a modality ablation.
A0100	2026-05-14T10:03:21Z	result_json	cache/ablation_results/pretrained_tribe_modality_ablation_s01e02a_parcel_approx_v1.json	Codex aggregation	Aggregated modality ablation summary for public TRIBE on sub-01 Friends s01e02a approximate parcel metric, including deltas against full multimodal.
A0101	2026-05-14T10:10:25Z	script	experiments/eval_pretrained_tribe_algonauts.py	Codex bugfix	Preserves Video events until audio extraction when audio is requested without video, then prunes unrequested modalities after transforms.
A0102	2026-05-14T10:10:25Z	test	tests/test_pretrained_eval_utils.py	Codex unit test	Adds coverage for preserving Video as the source event for audio extraction before transforms.
A0103	2026-05-14T10:10:25Z	result_json	cache/ablation_results/pretrained_tribe_textonly_s01e02a_parcel_approx_v2.json	experiments/eval_pretrained_tribe_algonauts.py	Corrected-grid public TRIBE text-only local approximate parcel result for sub-01 Friends s01e02a.
A0104	2026-05-14T10:10:25Z	run_log	research/logs/pretrained_tribe_textonly_s01e02a_parcel_approx_v2.log	experiments/eval_pretrained_tribe_algonauts.py	Run log for corrected-grid text-only s01e02a modality ablation.
A0105	2026-05-14T10:10:25Z	array_npz	cache/ablation_results/pretrained_tribe_textonly_s01e02a_parcel_approx_v2.npz	experiments/eval_pretrained_tribe_algonauts.py	Metric-space predictions, targets, sample times, and finite-row mask for corrected-grid text-only s01e02a.
A0106	2026-05-14T10:10:25Z	result_json	cache/ablation_results/pretrained_tribe_audioonly_s01e02a_parcel_approx_v2.json	experiments/eval_pretrained_tribe_algonauts.py	Corrected-grid public TRIBE audio-only local approximate parcel result for sub-01 Friends s01e02a.
A0107	2026-05-14T10:10:25Z	run_log	research/logs/pretrained_tribe_audioonly_s01e02a_parcel_approx_v2.log	experiments/eval_pretrained_tribe_algonauts.py	Run log for corrected-grid audio-only s01e02a modality ablation.
A0108	2026-05-14T10:10:25Z	array_npz	cache/ablation_results/pretrained_tribe_audioonly_s01e02a_parcel_approx_v2.npz	experiments/eval_pretrained_tribe_algonauts.py	Metric-space predictions, targets, sample times, and finite-row mask for corrected-grid audio-only s01e02a.
A0109	2026-05-14T10:10:25Z	result_json	cache/ablation_results/pretrained_tribe_videoonly_s01e02a_parcel_approx_v2.json	experiments/eval_pretrained_tribe_algonauts.py	Corrected-grid public TRIBE video-only local approximate parcel result for sub-01 Friends s01e02a.
A0110	2026-05-14T10:10:25Z	run_log	research/logs/pretrained_tribe_videoonly_s01e02a_parcel_approx_v2.log	experiments/eval_pretrained_tribe_algonauts.py	Run log for corrected-grid video-only s01e02a modality ablation.
A0111	2026-05-14T10:10:25Z	array_npz	cache/ablation_results/pretrained_tribe_videoonly_s01e02a_parcel_approx_v2.npz	experiments/eval_pretrained_tribe_algonauts.py	Metric-space predictions, targets, sample times, and finite-row mask for corrected-grid video-only s01e02a.
A0112	2026-05-14T10:10:25Z	result_json	cache/ablation_results/pretrained_tribe_text_audio_s01e02a_parcel_approx_v2.json	experiments/eval_pretrained_tribe_algonauts.py	Corrected-grid public TRIBE text+audio local approximate parcel result for sub-01 Friends s01e02a.
A0113	2026-05-14T10:10:25Z	run_log	research/logs/pretrained_tribe_text_audio_s01e02a_parcel_approx_v2.log	experiments/eval_pretrained_tribe_algonauts.py	Run log for corrected-grid text+audio s01e02a modality ablation.
A0114	2026-05-14T10:10:25Z	array_npz	cache/ablation_results/pretrained_tribe_text_audio_s01e02a_parcel_approx_v2.npz	experiments/eval_pretrained_tribe_algonauts.py	Metric-space predictions, targets, sample times, and finite-row mask for corrected-grid text+audio s01e02a.
A0115	2026-05-14T10:10:25Z	result_json	cache/ablation_results/pretrained_tribe_text_video_s01e02a_parcel_approx_v2.json	experiments/eval_pretrained_tribe_algonauts.py	Corrected-grid public TRIBE text+video local approximate parcel result for sub-01 Friends s01e02a.
A0116	2026-05-14T10:10:25Z	run_log	research/logs/pretrained_tribe_text_video_s01e02a_parcel_approx_v2.log	experiments/eval_pretrained_tribe_algonauts.py	Run log for corrected-grid text+video s01e02a modality ablation.
A0117	2026-05-14T10:10:25Z	array_npz	cache/ablation_results/pretrained_tribe_text_video_s01e02a_parcel_approx_v2.npz	experiments/eval_pretrained_tribe_algonauts.py	Metric-space predictions, targets, sample times, and finite-row mask for corrected-grid text+video s01e02a.
A0118	2026-05-14T10:10:25Z	result_json	cache/ablation_results/pretrained_tribe_audio_video_s01e02a_parcel_approx_v2.json	experiments/eval_pretrained_tribe_algonauts.py	Corrected-grid public TRIBE audio+video local approximate parcel result for sub-01 Friends s01e02a.
A0119	2026-05-14T10:10:25Z	run_log	research/logs/pretrained_tribe_audio_video_s01e02a_parcel_approx_v2.log	experiments/eval_pretrained_tribe_algonauts.py	Run log for corrected-grid audio+video s01e02a modality ablation.
A0120	2026-05-14T10:10:25Z	array_npz	cache/ablation_results/pretrained_tribe_audio_video_s01e02a_parcel_approx_v2.npz	experiments/eval_pretrained_tribe_algonauts.py	Metric-space predictions, targets, sample times, and finite-row mask for corrected-grid audio+video s01e02a.
A0121	2026-05-14T10:10:25Z	result_json	cache/ablation_results/pretrained_tribe_modality_ablation_s01e02a_parcel_approx_v2.json	Codex aggregation	Corrected modality ablation summary for public TRIBE on sub-01 Friends s01e02a approximate parcel metric; supersedes A0100.
A0122	2026-05-14T10:17:00Z	script	experiments/tribe_hrf_offset_ablation.py	Codex ablation harness	Offline HRF target-offset ablation over exported public TRIBE prediction arrays, selecting offset on train chunks and validating on held-out chunks.
A0123	2026-05-14T10:17:00Z	test	tests/test_tribe_hrf_offset_ablation.py	Codex unit tests	Tests HRF offset target resampling, scoring, and best-offset tie-breaking.
A0124	2026-05-14T10:17:00Z	result_json	cache/ablation_results/tribe_hrf_offset_train_e01ab_val_e02a_v1.json	experiments/tribe_hrf_offset_ablation.py	Scalar HRF offset ablation for public TRIBE full multimodal predictions, selecting among 3/4/5/6/7 s on e01a/e01b and validating on e02a.
A0125	2026-05-14T10:17:00Z	run_log	research/logs/tribe_hrf_offset_train_e01ab_val_e02a_v1.log	experiments/tribe_hrf_offset_ablation.py	Run log for scalar HRF offset train e01a/e01b and validation e02a ablation.
A0126	2026-05-14T10:32:53Z	script	experiments/tribe_late_fusion_ablation.py	Codex ablation harness	Global convex late-fusion ablation over exported public TRIBE modality predictions with train-selected weights and held-out validation scoring.
A0127	2026-05-14T10:32:53Z	test	tests/test_tribe_late_fusion_ablation.py	Codex unit tests	Tests late-fusion convex grid generation, approximate sample-time alignment, prediction fusion, and tie-breaking.
A0128	2026-05-14T10:32:53Z	result_json	cache/ablation_results/tribe_late_fusion_integer_timed_train_e01ab_val_e02a_v1.json	experiments/tribe_late_fusion_ablation.py	Clean integer-timed global late-fusion result over full/text_video/audio_video, selecting weights on e01a/e01b and validating on e02a.
A0129	2026-05-14T10:32:53Z	run_log	research/logs/tribe_late_fusion_integer_timed_train_e01ab_val_e02a_v1.log	experiments/tribe_late_fusion_ablation.py	Run log for integer-timed global late-fusion ablation.
A0130	2026-05-14T10:32:53Z	result_json	cache/ablation_results/tribe_late_fusion_train_e01ab_val_e02a_v3.json	experiments/tribe_late_fusion_ablation.py	Broader global late-fusion result over seven conditions using 0.5s alignment tolerance; exploratory only.
A0131	2026-05-14T10:32:53Z	run_log	research/logs/tribe_late_fusion_train_e01ab_val_e02a_v3.log	experiments/tribe_late_fusion_ablation.py	Run log for broad global late-fusion ablation.
A0132	2026-05-14T10:32:53Z	script	experiments/tribe_regionwise_fusion_ablation.py	Codex ablation harness	Parcel-wise convex late-fusion ablation selecting per-parcel modality weights on train chunks and validating on held-out chunks.
A0133	2026-05-14T10:32:53Z	test	tests/test_tribe_regionwise_fusion_ablation.py	Codex unit tests	Tests columnwise Pearson, per-unit weight selection, and region-wise fusion application.
A0134	2026-05-14T10:32:53Z	result_json	cache/ablation_results/tribe_regionwise_fusion_integer_timed_train_e01ab_val_e02a_v1.json	experiments/tribe_regionwise_fusion_ablation.py	Clean integer-timed parcel-wise fusion result over full/text_video/audio_video, selecting weights on e01a/e01b and validating on e02a.
A0135	2026-05-14T10:32:53Z	run_log	research/logs/tribe_regionwise_fusion_integer_timed_train_e01ab_val_e02a_v1.log	experiments/tribe_regionwise_fusion_ablation.py	Run log for clean integer-timed parcel-wise fusion ablation.
A0136	2026-05-14T10:32:53Z	result_json	cache/ablation_results/tribe_regionwise_fusion_all_conditions_train_e01ab_val_e02a_v1.json	experiments/tribe_regionwise_fusion_ablation.py	Broader seven-condition parcel-wise fusion result using 0.5s alignment tolerance; exploratory only and negative.
A0137	2026-05-14T10:32:53Z	run_log	research/logs/tribe_regionwise_fusion_all_conditions_train_e01ab_val_e02a_v1.log	experiments/tribe_regionwise_fusion_ablation.py	Run log for broader seven-condition parcel-wise fusion ablation.
A0138	2026-05-14T10:37:33Z	result_json	cache/ablation_results/tribe_regionwise_fusion_integer_timed_train_e01b_e02a_val_e01a_v1.json	experiments/tribe_regionwise_fusion_ablation.py	Leave-one-chunk-out parcel-wise fusion fold: train e01b/e02a and validate e01a.
A0139	2026-05-14T10:37:33Z	run_log	research/logs/tribe_regionwise_fusion_integer_timed_train_e01b_e02a_val_e01a_v1.log	experiments/tribe_regionwise_fusion_ablation.py	Run log for leave-one-chunk-out fold validating e01a.
A0140	2026-05-14T10:37:33Z	result_json	cache/ablation_results/tribe_regionwise_fusion_integer_timed_train_e01a_e02a_val_e01b_v1.json	experiments/tribe_regionwise_fusion_ablation.py	Leave-one-chunk-out parcel-wise fusion fold: train e01a/e02a and validate e01b.
A0141	2026-05-14T10:37:33Z	run_log	research/logs/tribe_regionwise_fusion_integer_timed_train_e01a_e02a_val_e01b_v1.log	experiments/tribe_regionwise_fusion_ablation.py	Run log for leave-one-chunk-out fold validating e01b.
A0142	2026-05-14T10:37:33Z	result_json	cache/ablation_results/tribe_regionwise_fusion_loocv_s01_e01ab_e02a_v1.json	Codex aggregation	Aggregated leave-one-chunk-out region-wise fusion results across e01a/e01b/e02a with mean delta +0.00494, below gate.
A0143	2026-05-14T10:44:34Z	script	experiments/tribe_groupwise_fusion_ablation.py	Codex ablation harness	Network/hemi-network shared late-fusion ablation selecting one convex modality blend per Schaefer/Yeo group on train chunks and validating on held-out chunks.
A0144	2026-05-14T10:44:34Z	test	tests/test_tribe_groupwise_fusion_ablation.py	Codex unit tests	Tests group-shared weight selection and unit-weight application for group-wise fusion.
A0145	2026-05-14T10:44:34Z	result_json	cache/ablation_results/tribe_groupwise_fusion_heminet_train_e01b_e02a_val_e01a_v1.json	experiments/tribe_groupwise_fusion_ablation.py	Hemi-network group-wise fusion fold: train e01b/e02a and validate e01a.
A0146	2026-05-14T10:44:34Z	run_log	research/logs/tribe_groupwise_fusion_heminet_train_e01b_e02a_val_e01a_v1.log	experiments/tribe_groupwise_fusion_ablation.py	Run log for hemi-network group-wise fusion fold validating e01a.
A0147	2026-05-14T10:44:34Z	result_json	cache/ablation_results/tribe_groupwise_fusion_heminet_train_e01a_e02a_val_e01b_v1.json	experiments/tribe_groupwise_fusion_ablation.py	Hemi-network group-wise fusion fold: train e01a/e02a and validate e01b.
A0148	2026-05-14T10:44:34Z	run_log	research/logs/tribe_groupwise_fusion_heminet_train_e01a_e02a_val_e01b_v1.log	experiments/tribe_groupwise_fusion_ablation.py	Run log for hemi-network group-wise fusion fold validating e01b.
A0149	2026-05-14T10:44:34Z	result_json	cache/ablation_results/tribe_groupwise_fusion_heminet_train_e01ab_val_e02a_v1.json	experiments/tribe_groupwise_fusion_ablation.py	Hemi-network group-wise fusion fold: train e01a/e01b and validate e02a.
A0150	2026-05-14T10:44:34Z	run_log	research/logs/tribe_groupwise_fusion_heminet_train_e01ab_val_e02a_v1.log	experiments/tribe_groupwise_fusion_ablation.py	Run log for hemi-network group-wise fusion fold validating e02a.
A0151	2026-05-14T10:44:34Z	result_json	cache/ablation_results/tribe_groupwise_fusion_network_train_e01b_e02a_val_e01a_v1.json	experiments/tribe_groupwise_fusion_ablation.py	Network group-wise fusion fold: train e01b/e02a and validate e01a.
A0152	2026-05-14T10:44:34Z	run_log	research/logs/tribe_groupwise_fusion_network_train_e01b_e02a_val_e01a_v1.log	experiments/tribe_groupwise_fusion_ablation.py	Run log for network group-wise fusion fold validating e01a.
A0153	2026-05-14T10:44:34Z	result_json	cache/ablation_results/tribe_groupwise_fusion_network_train_e01a_e02a_val_e01b_v1.json	experiments/tribe_groupwise_fusion_ablation.py	Network group-wise fusion fold: train e01a/e02a and validate e01b.
A0154	2026-05-14T10:44:34Z	run_log	research/logs/tribe_groupwise_fusion_network_train_e01a_e02a_val_e01b_v1.log	experiments/tribe_groupwise_fusion_ablation.py	Run log for network group-wise fusion fold validating e01b.
A0155	2026-05-14T10:44:34Z	result_json	cache/ablation_results/tribe_groupwise_fusion_network_train_e01ab_val_e02a_v1.json	experiments/tribe_groupwise_fusion_ablation.py	Network group-wise fusion fold: train e01a/e01b and validate e02a.
A0156	2026-05-14T10:44:34Z	run_log	research/logs/tribe_groupwise_fusion_network_train_e01ab_val_e02a_v1.log	experiments/tribe_groupwise_fusion_ablation.py	Run log for network group-wise fusion fold validating e02a.
A0157	2026-05-14T10:44:34Z	result_json	cache/ablation_results/tribe_groupwise_fusion_loocv_s01_e01ab_e02a_v1.json	Codex aggregation	Aggregated leave-one-chunk-out network and hemi-network group-wise fusion results; best mean delta +0.00244, below gate.
A0158	2026-05-14T11:01:21Z	script	experiments/tribe_frozen_readout_ablation.py	Codex ablation harness	Frozen public TRIBE low-rank feature extractor plus subject-specific ridge readout into Schaefer1000 parcels.
A0159	2026-05-14T11:01:21Z	test	tests/test_tribe_frozen_readout_ablation.py	Codex unit tests	Tests readout run-spec parsing, common finite-unit masking, ridge fitting/prediction, and inner alpha-fold reporting.
A0160	2026-05-14T11:01:21Z	result_json	cache/ablation_results/tribe_frozen_readout_train_e01b_e02a_val_e01a_v1.json	experiments/tribe_frozen_readout_ablation.py	Frozen TRIBE subject-specific readout fold: train e01b/e02a and validate e01a.
A0161	2026-05-14T11:01:21Z	run_log	research/logs/tribe_frozen_readout_train_e01b_e02a_val_e01a_v1.log	experiments/tribe_frozen_readout_ablation.py	Run log for frozen readout fold validating e01a.
A0162	2026-05-14T11:01:21Z	result_json	cache/ablation_results/tribe_frozen_readout_train_e01a_e02a_val_e01b_v1.json	experiments/tribe_frozen_readout_ablation.py	Frozen TRIBE subject-specific readout fold: train e01a/e02a and validate e01b.
A0163	2026-05-14T11:01:21Z	run_log	research/logs/tribe_frozen_readout_train_e01a_e02a_val_e01b_v1.log	experiments/tribe_frozen_readout_ablation.py	Run log for frozen readout fold validating e01b.
A0164	2026-05-14T11:01:21Z	result_json	cache/ablation_results/tribe_frozen_readout_train_e01ab_val_e02a_v1.json	experiments/tribe_frozen_readout_ablation.py	Frozen TRIBE subject-specific readout fold: train e01a/e01b and validate e02a.
A0165	2026-05-14T11:01:21Z	run_log	research/logs/tribe_frozen_readout_train_e01ab_val_e02a_v1.log	experiments/tribe_frozen_readout_ablation.py	Run log for frozen readout fold validating e02a.
A0166	2026-05-14T11:01:21Z	array_npz	cache/ablation_results/readout_features/tribe_lowrank_sub-01_s01e01a_text_audio_video.npz	experiments/tribe_frozen_readout_ablation.py	Cached frozen public TRIBE low-rank latent features for sub-01 Friends s01e01a.
A0167	2026-05-14T11:01:21Z	array_npz	cache/ablation_results/readout_features/tribe_lowrank_sub-01_s01e01b_text_audio_video.npz	experiments/tribe_frozen_readout_ablation.py	Cached frozen public TRIBE low-rank latent features for sub-01 Friends s01e01b.
A0168	2026-05-14T11:01:21Z	array_npz	cache/ablation_results/readout_features/tribe_lowrank_sub-01_s01e02a_text_audio_video.npz	experiments/tribe_frozen_readout_ablation.py	Cached frozen public TRIBE low-rank latent features for sub-01 Friends s01e02a.
A0169	2026-05-14T11:01:21Z	result_json	cache/ablation_results/tribe_frozen_readout_loocv_s01_e01ab_e02a_v1.json	Codex aggregation	Aggregated leave-one-chunk-out frozen TRIBE subject-specific readout results; mean delta +0.03282 over public full average-head baseline.
A0170	2026-05-14T11:07:13Z	script	experiments/tribe_prediction_ridge_baseline.py	Codex ablation harness	Matched supervised ridge baseline using public average-head parcel predictions as input features.
A0171	2026-05-14T11:07:13Z	result_json	cache/ablation_results/tribe_prediction_ridge_train_e01b_e02a_val_e01a_v1.json	experiments/tribe_prediction_ridge_baseline.py	Supervised prediction-ridge calibration fold: train e01b/e02a and validate e01a.
A0172	2026-05-14T11:07:13Z	run_log	research/logs/tribe_prediction_ridge_train_e01b_e02a_val_e01a_v1.log	experiments/tribe_prediction_ridge_baseline.py	Run log for supervised prediction-ridge fold validating e01a.
A0173	2026-05-14T11:07:13Z	result_json	cache/ablation_results/tribe_prediction_ridge_train_e01a_e02a_val_e01b_v1.json	experiments/tribe_prediction_ridge_baseline.py	Supervised prediction-ridge calibration fold: train e01a/e02a and validate e01b.
A0174	2026-05-14T11:07:13Z	run_log	research/logs/tribe_prediction_ridge_train_e01a_e02a_val_e01b_v1.log	experiments/tribe_prediction_ridge_baseline.py	Run log for supervised prediction-ridge fold validating e01b.
A0175	2026-05-14T11:07:13Z	result_json	cache/ablation_results/tribe_prediction_ridge_train_e01ab_val_e02a_v1.json	experiments/tribe_prediction_ridge_baseline.py	Supervised prediction-ridge calibration fold: train e01a/e01b and validate e02a.
A0176	2026-05-14T11:07:13Z	run_log	research/logs/tribe_prediction_ridge_train_e01ab_val_e02a_v1.log	experiments/tribe_prediction_ridge_baseline.py	Run log for supervised prediction-ridge fold validating e02a.
A0177	2026-05-14T11:07:13Z	result_json	cache/ablation_results/tribe_prediction_ridge_loocv_s01_e01ab_e02a_v1.json	Codex aggregation	Aggregated leave-one-chunk-out supervised prediction-ridge calibration results; mean delta +0.02839 over public full average-head baseline.
A0178	2026-05-14T11:28:15Z	script	experiments/tribe_frozen_readout_ablation.py	Codex guard update	Added episode-level split rejection, baseline sidecar metadata validation, and low-rank feature cache metadata validation.
A0179	2026-05-14T11:28:37Z	script	experiments/tribe_prediction_ridge_baseline.py	Codex guard update	Added checkpoint/features/metric/offset arguments and baseline sidecar metadata validation for the matched calibration control.
A0180	2026-05-14T11:28:00Z	test	tests/test_tribe_frozen_readout_ablation.py	Codex unit tests	Added tests for same-episode half rejection and episode identity parsing.
A0181	2026-05-14T11:28:15Z	result_json	cache/ablation_results/tribe_frozen_readout_train_e01ab_val_e02a_v2_guarded.json	experiments/tribe_frozen_readout_ablation.py	Guarded frozen-readout rerun: train e01a/e01b validate e02a, delta +0.02845.
A0182	2026-05-14T11:28:15Z	run_log	research/logs/tribe_frozen_readout_train_e01ab_val_e02a_v2_guarded.log	experiments/tribe_frozen_readout_ablation.py	Run log for guarded frozen-readout rerun validating e02a.
A0183	2026-05-14T11:28:37Z	result_json	cache/ablation_results/tribe_prediction_ridge_train_e01ab_val_e02a_v2_guarded.json	experiments/tribe_prediction_ridge_baseline.py	Guarded prediction-ridge rerun: train e01a/e01b validate e02a, delta +0.02099.
A0184	2026-05-14T11:28:37Z	run_log	research/logs/tribe_prediction_ridge_train_e01ab_val_e02a_v2_guarded.log	experiments/tribe_prediction_ridge_baseline.py	Run log for guarded prediction-ridge rerun validating e02a.
A0185	2026-05-14T11:49:35Z	result_json	cache/ablation_results/pretrained_tribe_text_audio_video_s01e02b_parcel_approx_v1.json	experiments/eval_pretrained_tribe_algonauts.py	Public full TRIBE local approximate parcel baseline for sub-01 Friends s01e02b; mean Pearson 0.22390.
A0186	2026-05-14T11:49:35Z	array_npz	cache/ablation_results/pretrained_tribe_text_audio_video_s01e02b_parcel_approx_v1.npz	experiments/eval_pretrained_tribe_algonauts.py	Metric-space predictions, targets, sample times, and finite row mask for sub-01 Friends s01e02b.
A0187	2026-05-14T11:49:35Z	run_log	research/logs/pretrained_tribe_text_audio_video_s01e02b_parcel_approx_v1.log	experiments/eval_pretrained_tribe_algonauts.py	Run log for public full TRIBE s01e02b baseline; V-JEPA video extraction dominated runtime.
A0188	2026-05-14T11:51:00Z	array_npz	cache/ablation_results/readout_features/tribe_lowrank_sub-01_s01e02b_text_audio_video.npz	experiments/tribe_frozen_readout_ablation.py	Cached frozen public TRIBE low-rank latent features for sub-01 Friends s01e02b with v2 metadata.
A0189	2026-05-14T11:51:00Z	result_json	cache/ablation_results/tribe_frozen_readout_train_e01_val_e02_v1.json	experiments/tribe_frozen_readout_ablation.py	Episode-heldout frozen readout: train e01a/e01b validate e02a/e02b, delta +0.04048.
A0190	2026-05-14T11:51:00Z	run_log	research/logs/tribe_frozen_readout_train_e01_val_e02_v1.log	experiments/tribe_frozen_readout_ablation.py	Run log for frozen readout train e01 validate e02.
A0191	2026-05-14T11:52:00Z	result_json	cache/ablation_results/tribe_frozen_readout_train_e02_val_e01_v1.json	experiments/tribe_frozen_readout_ablation.py	Episode-heldout frozen readout: train e02a/e02b validate e01a/e01b, delta +0.04177.
A0192	2026-05-14T11:52:00Z	run_log	research/logs/tribe_frozen_readout_train_e02_val_e01_v1.log	experiments/tribe_frozen_readout_ablation.py	Run log for frozen readout train e02 validate e01.
A0193	2026-05-14T11:51:00Z	result_json	cache/ablation_results/tribe_prediction_ridge_train_e01_val_e02_v1.json	experiments/tribe_prediction_ridge_baseline.py	Episode-heldout prediction-ridge calibration: train e01a/e01b validate e02a/e02b, delta +0.03667.
A0194	2026-05-14T11:51:00Z	run_log	research/logs/tribe_prediction_ridge_train_e01_val_e02_v1.log	experiments/tribe_prediction_ridge_baseline.py	Run log for prediction-ridge train e01 validate e02.
A0195	2026-05-14T11:51:00Z	result_json	cache/ablation_results/tribe_prediction_ridge_train_e02_val_e01_v1.json	experiments/tribe_prediction_ridge_baseline.py	Episode-heldout prediction-ridge calibration: train e02a/e02b validate e01a/e01b, delta +0.04218.
A0196	2026-05-14T11:51:00Z	run_log	research/logs/tribe_prediction_ridge_train_e02_val_e01_v1.log	experiments/tribe_prediction_ridge_baseline.py	Run log for prediction-ridge train e02 validate e01.
A0197	2026-05-14T11:55:00Z	result_json	cache/ablation_results/tribe_subject_adaptation_episode_holdout_s01_e01_e02_v1.json	Codex aggregation	Aggregated episode-heldout subject-adaptation comparison: low-rank +0.04112 vs raw head, prediction-ridge +0.03943 vs raw head, low-rank only +0.00170 vs prediction-ridge.
A0198	2026-05-14T11:58:00Z	test_stdout	pytest_stdout	Codex validation	Focused research suite passed 51/51 after episode-heldout subject-adaptation guards and logging updates.
A0199	2026-05-14T12:03:00Z	script	experiments/tribe_native_tr_subject_adaptation.py	Codex ablation harness	Native fMRI-TR subject-adaptation evaluator resampling public TRIBE predictions and low-rank features to recorded fMRI rows before ridge fitting/scoring.
A0200	2026-05-14T12:03:00Z	test	tests/test_tribe_native_tr_subject_adaptation.py	Codex unit tests	Unit tests for native-grid interpolation and shifted low-rank feature alignment.
A0201	2026-05-14T12:05:00Z	result_json	cache/ablation_results/tribe_native_tr_subject_adaptation_train_e01_val_e02_v1.json	experiments/tribe_native_tr_subject_adaptation.py	Native-TR episode fold: train e01a/e01b validate e02a/e02b; low-rank delta +0.03593, prediction-ridge delta +0.03368.
A0202	2026-05-14T12:05:00Z	run_log	research/logs/tribe_native_tr_subject_adaptation_train_e01_val_e02_v1.log	experiments/tribe_native_tr_subject_adaptation.py	Run log for native-TR train e01 validate e02 subject-adaptation comparison.
A0203	2026-05-14T12:05:00Z	result_json	cache/ablation_results/tribe_native_tr_subject_adaptation_train_e02_val_e01_v1.json	experiments/tribe_native_tr_subject_adaptation.py	Native-TR episode fold: train e02a/e02b validate e01a/e01b; low-rank delta +0.03912, prediction-ridge delta +0.04031.
A0204	2026-05-14T12:05:00Z	run_log	research/logs/tribe_native_tr_subject_adaptation_train_e02_val_e01_v1.log	experiments/tribe_native_tr_subject_adaptation.py	Run log for native-TR train e02 validate e01 subject-adaptation comparison.
A0205	2026-05-14T12:08:00Z	result_json	cache/ablation_results/tribe_native_tr_subject_adaptation_episode_holdout_s01_e01_e02_v1.json	Codex aggregation	Aggregated native-TR episode-heldout comparison: low-rank +0.03752 vs raw head, prediction-ridge +0.03700 vs raw head, low-rank only +0.00053 vs prediction-ridge.
A0206	2026-05-14T12:10:00Z	test_stdout	pytest_stdout	Codex validation	Focused research suite passed 53/53 after adding native-TR subject-adaptation evaluator.
A0207	2026-05-14T12:10:00Z	run_log	research/logs/git_annex_get_sub02_friends_fmri_atlas_v1.log	git-annex	Materialized sub-02 Friends fMRI h5 and Schaefer atlas for multi-subject native-TR validation.
A0208	2026-05-14T12:10:06Z	result_json	cache/ablation_results/pretrained_tribe_text_audio_video_sub-02_s01e01a_parcel_approx_v1.json	experiments/eval_pretrained_tribe_algonauts.py	Public full TRIBE local approximate parcel baseline for sub-02 Friends s01e01a; mean Pearson 0.18074.
A0209	2026-05-14T12:10:06Z	array_npz	cache/ablation_results/pretrained_tribe_text_audio_video_sub-02_s01e01a_parcel_approx_v1.npz	experiments/eval_pretrained_tribe_algonauts.py	Metric-space predictions, targets, sample times, and finite row mask for sub-02 Friends s01e01a.
A0210	2026-05-14T12:10:06Z	run_log	research/logs/pretrained_tribe_text_audio_video_sub-02_s01e01a_parcel_approx_v1.log	experiments/eval_pretrained_tribe_algonauts.py	Run log for public full TRIBE sub-02 s01e01a baseline.
A0211	2026-05-14T12:10:06Z	result_json	cache/ablation_results/pretrained_tribe_text_audio_video_sub-02_s01e01b_parcel_approx_v1.json	experiments/eval_pretrained_tribe_algonauts.py	Public full TRIBE local approximate parcel baseline for sub-02 Friends s01e01b; mean Pearson 0.20461.
A0212	2026-05-14T12:10:06Z	array_npz	cache/ablation_results/pretrained_tribe_text_audio_video_sub-02_s01e01b_parcel_approx_v1.npz	experiments/eval_pretrained_tribe_algonauts.py	Metric-space predictions, targets, sample times, and finite row mask for sub-02 Friends s01e01b.
A0213	2026-05-14T12:10:06Z	run_log	research/logs/pretrained_tribe_text_audio_video_sub-02_s01e01b_parcel_approx_v1.log	experiments/eval_pretrained_tribe_algonauts.py	Run log for public full TRIBE sub-02 s01e01b baseline.
A0214	2026-05-14T12:10:10Z	result_json	cache/ablation_results/pretrained_tribe_text_audio_video_sub-02_s01e02a_parcel_approx_v1.json	experiments/eval_pretrained_tribe_algonauts.py	Public full TRIBE local approximate parcel baseline for sub-02 Friends s01e02a; mean Pearson 0.21500.
A0215	2026-05-14T12:10:10Z	array_npz	cache/ablation_results/pretrained_tribe_text_audio_video_sub-02_s01e02a_parcel_approx_v1.npz	experiments/eval_pretrained_tribe_algonauts.py	Metric-space predictions, targets, sample times, and finite row mask for sub-02 Friends s01e02a.
A0216	2026-05-14T12:10:10Z	run_log	research/logs/pretrained_tribe_text_audio_video_sub-02_s01e02a_parcel_approx_v1.log	experiments/eval_pretrained_tribe_algonauts.py	Run log for public full TRIBE sub-02 s01e02a baseline.
A0217	2026-05-14T12:10:10Z	result_json	cache/ablation_results/pretrained_tribe_text_audio_video_sub-02_s01e02b_parcel_approx_v1.json	experiments/eval_pretrained_tribe_algonauts.py	Public full TRIBE local approximate parcel baseline for sub-02 Friends s01e02b; mean Pearson 0.21562.
A0218	2026-05-14T12:10:10Z	array_npz	cache/ablation_results/pretrained_tribe_text_audio_video_sub-02_s01e02b_parcel_approx_v1.npz	experiments/eval_pretrained_tribe_algonauts.py	Metric-space predictions, targets, sample times, and finite row mask for sub-02 Friends s01e02b.
A0219	2026-05-14T12:10:10Z	run_log	research/logs/pretrained_tribe_text_audio_video_sub-02_s01e02b_parcel_approx_v1.log	experiments/eval_pretrained_tribe_algonauts.py	Run log for public full TRIBE sub-02 s01e02b baseline.
A0220	2026-05-14T12:12:00Z	result_json	cache/ablation_results/tribe_frozen_readout_sub-02_train_e01_val_e02_v1.json	experiments/tribe_frozen_readout_ablation.py	Sub-02 1Hz frozen readout cache-building run: train e01 validate e02, delta +0.04674.
A0221	2026-05-14T12:12:00Z	run_log	research/logs/tribe_frozen_readout_sub-02_train_e01_val_e02_v1.log	experiments/tribe_frozen_readout_ablation.py	Run log for sub-02 low-rank feature extraction and 1Hz readout.
A0222	2026-05-14T12:12:00Z	array_npz	cache/ablation_results/readout_features/tribe_lowrank_sub-02_s01e01a_text_audio_video.npz	experiments/tribe_frozen_readout_ablation.py	Cached frozen public TRIBE low-rank latent features for sub-02 Friends s01e01a with v2 metadata.
A0223	2026-05-14T12:12:00Z	array_npz	cache/ablation_results/readout_features/tribe_lowrank_sub-02_s01e01b_text_audio_video.npz	experiments/tribe_frozen_readout_ablation.py	Cached frozen public TRIBE low-rank latent features for sub-02 Friends s01e01b with v2 metadata.
A0224	2026-05-14T12:12:00Z	array_npz	cache/ablation_results/readout_features/tribe_lowrank_sub-02_s01e02a_text_audio_video.npz	experiments/tribe_frozen_readout_ablation.py	Cached frozen public TRIBE low-rank latent features for sub-02 Friends s01e02a with v2 metadata.
A0225	2026-05-14T12:12:00Z	array_npz	cache/ablation_results/readout_features/tribe_lowrank_sub-02_s01e02b_text_audio_video.npz	experiments/tribe_frozen_readout_ablation.py	Cached frozen public TRIBE low-rank latent features for sub-02 Friends s01e02b with v2 metadata.
A0226	2026-05-14T12:18:00Z	result_json	cache/ablation_results/tribe_native_tr_subject_adaptation_sub-02_train_e01_val_e02_v1.json	experiments/tribe_native_tr_subject_adaptation.py	Sub-02 native-TR episode fold: train e01 validate e02; low-rank delta +0.04464, prediction-ridge delta +0.04183.
A0227	2026-05-14T12:18:00Z	run_log	research/logs/tribe_native_tr_subject_adaptation_sub-02_train_e01_val_e02_v1.log	experiments/tribe_native_tr_subject_adaptation.py	Run log for sub-02 native-TR train e01 validate e02 comparison.
A0228	2026-05-14T12:18:00Z	result_json	cache/ablation_results/tribe_native_tr_subject_adaptation_sub-02_train_e02_val_e01_v1.json	experiments/tribe_native_tr_subject_adaptation.py	Sub-02 native-TR episode fold: train e02 validate e01; low-rank delta +0.03709, prediction-ridge delta +0.04091.
A0229	2026-05-14T12:18:00Z	run_log	research/logs/tribe_native_tr_subject_adaptation_sub-02_train_e02_val_e01_v1.log	experiments/tribe_native_tr_subject_adaptation.py	Run log for sub-02 native-TR train e02 validate e01 comparison.
A0230	2026-05-14T12:18:00Z	result_json	cache/ablation_results/tribe_native_tr_subject_adaptation_sub-02_episode_holdout_s01_e01_e02_v1.json	Codex aggregation	Aggregated sub-02 native-TR episode-heldout comparison: prediction-ridge +0.04137 vs raw head, low-rank +0.04086 vs raw head.
A0231	2026-05-14T12:20:00Z	result_json	cache/ablation_results/tribe_native_tr_subject_adaptation_sub-01_sub-02_episode_holdout_s01_e01_e02_v1.json	Codex aggregation	Aggregated sub-01/sub-02 native-TR comparison: prediction-ridge +0.03919 vs raw head, low-rank +0.03919 vs raw head, low-rank only +0.000007 vs prediction-ridge.
A0232	2026-05-14T13:31:00Z	run_log	research/logs/git_annex_get_sub03_sub05_friends_fmri_atlas_v1.log	git-annex	Recovered materialization log for sub-03 and sub-05 Friends fMRI h5 files plus Schaefer atlas files.
A0233	2026-05-14T13:31:00Z	result_group	cache/ablation_results/pretrained_tribe_text_audio_video_sub-03_s01e01a_parcel_approx_v1.json;cache/ablation_results/pretrained_tribe_text_audio_video_sub-03_s01e01b_parcel_approx_v1.json;cache/ablation_results/pretrained_tribe_text_audio_video_sub-03_s01e02a_parcel_approx_v1.json;cache/ablation_results/pretrained_tribe_text_audio_video_sub-03_s01e02b_parcel_approx_v1.json	experiments/eval_pretrained_tribe_algonauts.py	Public full TRIBE local approximate parcel baselines for sub-03 Friends s01e01a/e01b/e02a/e02b.
A0234	2026-05-14T13:31:00Z	array_group	cache/ablation_results/pretrained_tribe_text_audio_video_sub-03_s01e01a_parcel_approx_v1.npz;cache/ablation_results/pretrained_tribe_text_audio_video_sub-03_s01e01b_parcel_approx_v1.npz;cache/ablation_results/pretrained_tribe_text_audio_video_sub-03_s01e02a_parcel_approx_v1.npz;cache/ablation_results/pretrained_tribe_text_audio_video_sub-03_s01e02b_parcel_approx_v1.npz	experiments/eval_pretrained_tribe_algonauts.py	Metric-space predictions, targets, sample times, and finite row masks for sub-03 baseline chunks.
A0235	2026-05-14T13:31:00Z	run_log_group	research/logs/pretrained_tribe_text_audio_video_sub-03_s01e01a_parcel_approx_v1.log;research/logs/pretrained_tribe_text_audio_video_sub-03_s01e01b_parcel_approx_v1.log;research/logs/pretrained_tribe_text_audio_video_sub-03_s01e02a_parcel_approx_v1.log;research/logs/pretrained_tribe_text_audio_video_sub-03_s01e02b_parcel_approx_v1.log	experiments/eval_pretrained_tribe_algonauts.py	Run logs for sub-03 public full TRIBE baseline chunks.
A0236	2026-05-14T13:31:00Z	result_group	cache/ablation_results/pretrained_tribe_text_audio_video_sub-05_s01e01a_parcel_approx_v1.json;cache/ablation_results/pretrained_tribe_text_audio_video_sub-05_s01e01b_parcel_approx_v1.json;cache/ablation_results/pretrained_tribe_text_audio_video_sub-05_s01e02a_parcel_approx_v1.json;cache/ablation_results/pretrained_tribe_text_audio_video_sub-05_s01e02b_parcel_approx_v1.json	experiments/eval_pretrained_tribe_algonauts.py	Public full TRIBE local approximate parcel baselines for sub-05 Friends s01e01a/e01b/e02a/e02b.
A0237	2026-05-14T13:31:00Z	array_group	cache/ablation_results/pretrained_tribe_text_audio_video_sub-05_s01e01a_parcel_approx_v1.npz;cache/ablation_results/pretrained_tribe_text_audio_video_sub-05_s01e01b_parcel_approx_v1.npz;cache/ablation_results/pretrained_tribe_text_audio_video_sub-05_s01e02a_parcel_approx_v1.npz;cache/ablation_results/pretrained_tribe_text_audio_video_sub-05_s01e02b_parcel_approx_v1.npz	experiments/eval_pretrained_tribe_algonauts.py	Metric-space predictions, targets, sample times, and finite row masks for sub-05 baseline chunks.
A0238	2026-05-14T13:31:00Z	run_log_group	research/logs/pretrained_tribe_text_audio_video_sub-05_s01e01a_parcel_approx_v1.log;research/logs/pretrained_tribe_text_audio_video_sub-05_s01e01b_parcel_approx_v1.log;research/logs/pretrained_tribe_text_audio_video_sub-05_s01e02a_parcel_approx_v1.log;research/logs/pretrained_tribe_text_audio_video_sub-05_s01e02b_parcel_approx_v1.log	experiments/eval_pretrained_tribe_algonauts.py	Run logs for sub-05 public full TRIBE baseline chunks.
A0239	2026-05-14T13:31:00Z	run_log	research/logs/tribe_frozen_readout_sub-03_train_e01_val_e02_v1.log	experiments/tribe_frozen_readout_ablation.py	Failed first sub-03 frozen-readout command; missing PYTHONPATH caused ModuleNotFoundError before experiment execution.
A0240	2026-05-14T13:31:00Z	result_json	cache/ablation_results/tribe_frozen_readout_sub-03_train_e01_val_e02_v1.json	experiments/tribe_frozen_readout_ablation.py	Sub-03 1Hz frozen readout cache-building run: train e01 validate e02.
A0241	2026-05-14T13:31:00Z	run_log	research/logs/tribe_frozen_readout_sub-03_train_e01_val_e02_v1_attempt2.log	experiments/tribe_frozen_readout_ablation.py	Successful sub-03 frozen-readout rerun with PYTHONPATH set.
A0242	2026-05-14T13:31:00Z	array_group	cache/ablation_results/readout_features/tribe_lowrank_sub-03_s01e01a_text_audio_video.npz;cache/ablation_results/readout_features/tribe_lowrank_sub-03_s01e01b_text_audio_video.npz;cache/ablation_results/readout_features/tribe_lowrank_sub-03_s01e02a_text_audio_video.npz;cache/ablation_results/readout_features/tribe_lowrank_sub-03_s01e02b_text_audio_video.npz	experiments/tribe_frozen_readout_ablation.py	Cached frozen public TRIBE low-rank latent features for sub-03 Friends s01e01a/e01b/e02a/e02b.
A0243	2026-05-14T13:31:00Z	result_json	cache/ablation_results/tribe_native_tr_subject_adaptation_sub-03_train_e01_val_e02_v1.json	experiments/tribe_native_tr_subject_adaptation.py	Sub-03 native-TR episode fold: train e01 validate e02; prediction-ridge delta +0.05757, low-rank delta +0.05868.
A0244	2026-05-14T13:31:00Z	result_json	cache/ablation_results/tribe_native_tr_subject_adaptation_sub-03_train_e02_val_e01_v1.json	experiments/tribe_native_tr_subject_adaptation.py	Sub-03 native-TR episode fold: train e02 validate e01; prediction-ridge delta +0.04738, low-rank delta +0.04633.
A0245	2026-05-14T13:31:00Z	result_json	cache/ablation_results/tribe_frozen_readout_sub-05_train_e01_val_e02_v1.json	experiments/tribe_frozen_readout_ablation.py	Sub-05 1Hz frozen readout cache-building run: train e01 validate e02.
A0246	2026-05-14T13:31:00Z	array_group	cache/ablation_results/readout_features/tribe_lowrank_sub-05_s01e01a_text_audio_video.npz;cache/ablation_results/readout_features/tribe_lowrank_sub-05_s01e01b_text_audio_video.npz;cache/ablation_results/readout_features/tribe_lowrank_sub-05_s01e02a_text_audio_video.npz;cache/ablation_results/readout_features/tribe_lowrank_sub-05_s01e02b_text_audio_video.npz	experiments/tribe_frozen_readout_ablation.py	Cached frozen public TRIBE low-rank latent features for sub-05 Friends s01e01a/e01b/e02a/e02b.
A0247	2026-05-14T13:31:00Z	result_json	cache/ablation_results/tribe_native_tr_subject_adaptation_sub-05_train_e01_val_e02_v1.json	experiments/tribe_native_tr_subject_adaptation.py	Sub-05 native-TR episode fold: train e01 validate e02; prediction-ridge delta +0.03184, low-rank delta +0.02986.
A0248	2026-05-14T13:31:00Z	result_json	cache/ablation_results/tribe_native_tr_subject_adaptation_sub-05_train_e02_val_e01_v1.json	experiments/tribe_native_tr_subject_adaptation.py	Sub-05 native-TR episode fold: train e02 validate e01; prediction-ridge delta +0.02660, low-rank delta +0.02881.
A0249	2026-05-14T13:31:00Z	result_json	cache/ablation_results/tribe_native_tr_subject_adaptation_sub-01_sub-02_sub-03_sub-05_episode_holdout_s01_e01_e02_v1.json	Codex aggregation	Aggregated sub-01/sub-02/sub-03/sub-05 native-TR comparison: prediction-ridge +0.04002 vs raw head, low-rank +0.04006 vs raw head, low-rank only +0.000041 vs prediction-ridge.
A0250	2026-05-14T13:35:00Z	test_stdout	pytest_stdout	Codex validation	TSV schema checks passed and full focused research suite passed 53/53 after recovery continuation.
A0251	2026-05-15T01:21:06Z	script	experiments/calibrate_tribe_submission.py	Codex submission harness	Applies subject-specific prediction-ridge calibration maps fitted on available season-1 labels to raw hidden-stimulus submission predictions.
A0252	2026-05-15T01:21:06Z	test	tests/test_calibrate_tribe_submission.py	Codex unit tests	Tests calibrated submission utility behavior for preserving uncalibrated units and alpha selection by complete episode groups.
A0253	2026-05-15T01:21:06Z	submission_npy	cache/submissions/tribe_prediction_ridge_friends_s7_sub01_s07e01a_v1.npy	experiments/calibrate_tribe_submission.py	Algonauts-style nested prediction dictionary for prediction-ridge-calibrated Friends S7 sub-01 s07e01a; all finite.
A0254	2026-05-15T01:21:06Z	submission_zip	cache/submissions/tribe_prediction_ridge_friends_s7_sub01_s07e01a_v1.zip	experiments/calibrate_tribe_submission.py	Zipped calibrated Friends S7 sub-01 s07e01a prediction file for submission-format smoke testing.
A0255	2026-05-15T01:21:06Z	manifest_json	cache/submissions/tribe_prediction_ridge_friends_s7_sub01_s07e01a_manifest_v1.json	experiments/calibrate_tribe_submission.py	Manifest for prediction-ridge calibrated Friends S7 sub-01 s07e01a submission-format smoke; records alpha selection, train-run provenance, shape, finiteness, and calibrated-unit count.
A0256	2026-05-15T01:21:06Z	array_npz	cache/submissions/calibrators/prediction_ridge_sub-01_native_tr_s01e01e02_v1.npz	experiments/calibrate_tribe_submission.py	Fitted sub-01 native-TR prediction-ridge calibration map trained on available Friends s01e01/e02 labels.
A0257	2026-05-15T01:21:06Z	run_log	research/logs/tribe_prediction_ridge_friends_s7_sub01_s07e01a_submission_smoke_v1.log	experiments/calibrate_tribe_submission.py	Run log for calibrated Friends S7 sub-01 s07e01a submission-format smoke.
A0258	2026-05-15T01:23:00Z	test_stdout	pytest_stdout	Codex validation	TSV schema checks passed and full focused research suite passed 55/55 after adding calibrated submission harness.
A0259	2026-05-19T07:32:48Z	script	experiments/tribe_faithful_retrain.py	Codex H001-S harness	Faithful local TRIBE retrain entry point using tribev2.main/defaults, episode-disjoint Algonauts split, local caches, and shape/finite smoke summary.
A0260	2026-05-19T07:32:48Z	test	tests/test_tribe_faithful_retrain.py	Codex unit tests	Tests episode range parsing, query construction, split replacement, parcel target config, tiny model override, and primary-value handling.
A0261	2026-05-19T07:32:48Z	result_json	cache/ablation_results/tribe_faithful_retrain_H001-S_blocked_20260519T073248Z.json	experiments/tribe_faithful_retrain.py	Blocked H001-S smoke summary; records split-config crash fix and projected cold-video budget breach before training.
A0262	2026-05-19T07:32:48Z	manifest_json	research/manifests/tribe_faithful_retrain_H001-S_blocked_20260519T073248Z_manifest.json	experiments/tribe_faithful_retrain.py	Manifest for blocked H001-S smoke attempt, including logs, commits, cache policy, validation, and GPU policy.
A0263	2026-05-19T07:32:48Z	run_log	research/logs/H001-S__20260519T070611Z.log	experiments/tribe_faithful_retrain.py	Initial H001-S launch failed before training because split transform replacement left the default val_ratio in the config; fixed in commit eff2247.
A0264	2026-05-19T07:32:48Z	run_log	research/logs/H001-S__20260519T070710Z.log	experiments/tribe_faithful_retrain.py	Second H001-S launch reached event construction plus text/audio feature extraction, then was manually stopped during cold video extraction due projected budget breach.
A0265	2026-05-19T07:48:06Z	result_json	cache/ablation_results/tribe_faithful_retrain_20260519T074758Z.json	experiments/tribe_faithful_retrain.py	Text-only H001-S smoke result; validation prediction shape (200,1000), all finite, test Pearson 0.0038157387.
A0266	2026-05-19T07:48:06Z	manifest_json	research/manifests/tribe_faithful_retrain_20260519T074758Z_manifest.json	experiments/tribe_faithful_retrain.py	Manifest for successful downgraded text-only H001-S smoke; records command, cache policy, checkpoint paths, shape summary, git SHA, and runtime.
A0267	2026-05-19T07:48:06Z	run_log	research/logs/H001-S__20260519T074625Z.log	experiments/tribe_faithful_retrain.py	First text-only H001-S rerun reached training and evaluation, then crashed before JSON write because ConfDict.to_dict was unavailable; fixed in a9ead79.
A0268	2026-05-19T07:48:06Z	run_log	research/logs/H001-S__20260519T074747Z.log	experiments/tribe_faithful_retrain.py	Successful text-only H001-S rerun on GPU0 after config-hash fix.
A0269	2026-05-19T07:48:06Z	test_stdout	pytest_stdout	Codex validation	Focused H001-S/event/config tests passed 12/12 after config-hash fix.
