entry_id	timestamp_utc	entry_type	project_phase	hypothesis_id	experiment_name	claim_tested	script	command	git_commit	git_dirty	code_diff_summary	host	gpu	python_version	data_root	dataset	subject_ids	task	movie	train_selector	val_selector	test_selector	heldout_policy	leakage_checks	n_train_units	n_val_units	n_test_units	cache_policy	timeline_cache_version	feature_cache_version	model_source	checkpoint	features_to_use	ablation_variable	condition	baseline_entry_id	random_seed	epochs	batch_size	limit_train_batches	loss	optimizer	scheduler	model_config_hash	metric_primary	primary_metric_value	metric_secondary_json	runtime_seconds	result_json_path	artifacts_json	failure_modes	interpretation	claim_status	next_action	reviewer	notes
S0001	2026-05-13T22:34:05Z	run	speed	H001	text_path_event_only	Direct text event construction is faster than TTS/ASR	experiments/text_path_ablation.py	python experiments/text_path_ablation.py --include-legacy --mode events	0151e9a	yes	direct text events added	ripper-TRX50-AERO-D	GPU0/1 RTX PRO 6000 Blackwell Max-Q	Python 3.12.3	/home/ripper/data/tribe_benchmarks	TRIBE demo text	n/a	text	n/a	n/a	short text	n/a	proxy no fMRI split	n/a	1	1	0	mixed cold cache	n/a	n/a	facebook/tribev2	facebook/tribev2	text	event pipeline	direct_vs_legacy_event_only	n/a	n/a	n/a	n/a	n/a	n/a	n/a	n/a	n/a	event_speedup_x	1373.691933	{"direct_event_seconds":0.007099,"legacy_event_seconds":9.751203}	9.758301	cache/ablation_results/text_path_ablation_20260513T223405Z.json	{"artifact_id":"A0001"}	none	Event construction speed win only; not fMRI quality.	supported	speed is supported for event construction; run fMRI-quality check before product claim	Codex	Backfilled from existing artifact.
S0002	2026-05-13T22:34:25Z	run	speed	H002	text_path_prediction_agreement	Direct text path preserves similar TRIBE predictions to legacy cached path	experiments/text_path_ablation.py	python experiments/text_path_ablation.py --include-legacy --mode prediction	0151e9a	yes	direct text events added	ripper-TRX50-AERO-D	GPU0/1 RTX PRO 6000 Blackwell Max-Q	Python 3.12.3	/home/ripper/data/tribe_benchmarks	TRIBE demo text	n/a	text	n/a	n/a	short text	n/a	proxy no fMRI split	n/a	1	1	0	warm legacy cache	n/a	n/a	facebook/tribev2	facebook/tribev2	text	event pipeline	direct_vs_legacy_prediction	n/a	n/a	n/a	n/a	n/a	n/a	n/a	n/a	n/a	prediction_flat_pearson_common_timesteps	0.861582	{"direct_predict_seconds":3.049827,"legacy_predict_seconds":3.336444}	3.049827	cache/ablation_results/text_path_ablation_20260513T223425Z.json	{"artifact_id":"A0002"}	none	Proxy agreement is preliminary and not a benchmark metric.	exploratory	compare direct text path against fMRI on held-out stimuli	Codex	Backfilled from existing artifact.
S0003	2026-05-14T00:00:00Z	run	quality	H003	s01_6chunk_loss_ablation	MSE baseline for Pearson objective test	experiments/algonauts_text_loss_ablation.py	see result_json query and args	0151e9a	yes	PearsonMSE loss and harness added	ripper-TRX50-AERO-D	GPU1 RTX PRO 6000 Blackwell Max-Q	Python 3.12.3	/home/ripper/data/tribe_benchmarks	Algonauts2025	sub-01	friends	s01	e01a,e01b,e02a,e02b	e03a,e03b	n/a	chunk-heldout adjacent	weak adjacent episode leakage risk	4 chunks	2 chunks	0	warm text cache	text_loss_s01_6chunk_v1	text_loss_s01_6chunk_v1	local tiny	n/a	text	loss	mse	n/a	33	10	1	n/a	MSELoss	Adam	OneCycleLR	n/a	test/pearson	0.015218	{"test/loss":0.818077,"retrieval_top1":1.0}	7.828807	cache/ablation_results/algonauts_text_loss_ablation_s01_6chunk_tiny_10epoch_loss.json	{"artifact_id":"A0003"}	none	Baseline for tiny adjacent-chunk screening.	baseline	use episode-held-out split next	Codex	Backfilled from existing artifact.
S0004	2026-05-14T00:00:00Z	run	quality	H003	s01_6chunk_loss_ablation	PearsonMSE improves benchmark Pearson over MSE	experiments/algonauts_text_loss_ablation.py	see result_json query and args	0151e9a	yes	PearsonMSE loss and harness added	ripper-TRX50-AERO-D	GPU1 RTX PRO 6000 Blackwell Max-Q	Python 3.12.3	/home/ripper/data/tribe_benchmarks	Algonauts2025	sub-01	friends	s01	e01a,e01b,e02a,e02b	e03a,e03b	n/a	chunk-heldout adjacent	weak adjacent episode leakage risk	4 chunks	2 chunks	0	warm text cache	text_loss_s01_6chunk_v1	text_loss_s01_6chunk_v1	local tiny	n/a	text	loss	pearson_mse	S0003	33	10	1	n/a	PearsonMSELoss	Adam	OneCycleLR	n/a	test/pearson	0.047092	{"delta_vs_mse":0.031875,"test/loss":0.999242,"retrieval_top1":1.0}	5.748539	cache/ablation_results/algonauts_text_loss_ablation_s01_6chunk_tiny_10epoch_loss.json	{"artifact_id":"A0003"}	none	Promising but still adjacent-chunk tiny exploratory evidence.	keep_exploratory	run episode-held-out multi-seed ablation	Codex	Backfilled from existing artifact.
S0005	2026-05-14T00:00:00Z	run	quality	H004	s01_6chunk_delay_ablation	TemporalDelayBank improves PearsonMSE	experiments/algonauts_text_loss_ablation.py	see result_json query and args	0151e9a	yes	TemporalDelayBank added	ripper-TRX50-AERO-D	GPU1 RTX PRO 6000 Blackwell Max-Q	Python 3.12.3	/home/ripper/data/tribe_benchmarks	Algonauts2025	sub-01	friends	s01	e01a,e01b,e02a,e02b	e03a,e03b	n/a	chunk-heldout adjacent	weak adjacent episode leakage risk	4 chunks	2 chunks	0	warm text cache	text_loss_s01_6chunk_v1	text_loss_s01_6chunk_v1	local tiny	n/a	text	temporal_delay_bank	pearson_mse_delay	S0004	33	10	1	n/a	PearsonMSELoss	Adam	OneCycleLR	n/a	test/pearson	0.047725	{"delta_vs_pearson_mse":0.000633,"test/loss":0.998640,"retrieval_top1":1.0}	7.970460	cache/ablation_results/algonauts_text_loss_ablation_s01_6chunk_tiny_10epoch_delay.json	{"artifact_id":"A0004"}	none	Neutral at this scale; do not promote.	neutral	defer delay grid until PearsonMSE survives stronger protocol	Codex	Backfilled from existing artifact.
S0006	2026-05-14T00:00:00Z	run	quality	H003	s01_8chunk_loss_ablation	MSE baseline for larger Pearson objective check	experiments/algonauts_text_loss_ablation.py	see result_json query and args	0151e9a	yes	PearsonMSE loss and harness added	ripper-TRX50-AERO-D	GPU1 RTX PRO 6000 Blackwell Max-Q	Python 3.12.3	/home/ripper/data/tribe_benchmarks	Algonauts2025	sub-01	friends	s01	e01a,e01b,e02a,e02b,e03a,e03b	e04a,e04b	n/a	chunk-heldout adjacent	weak adjacent episode leakage risk	6 chunks	2 chunks	0	cold feature cache included	text_loss_s01_8chunk_v1	text_loss_s01_8chunk_v1	local tiny	n/a	text	loss	mse	n/a	33	10	1	n/a	MSELoss	Adam	OneCycleLR	n/a	test/pearson	0.017867	{"test/loss":0.829689,"retrieval_top1":1.0}	902.441962	cache/ablation_results/algonauts_text_loss_ablation_s01_8chunk_tiny_10epoch_loss.json	{"artifact_id":"A0005"}	none	Runtime includes cold cache; metric is baseline for paired loss check.	baseline	do not use runtime for speed comparison	Codex	Backfilled from existing artifact.
S0007	2026-05-14T00:00:00Z	run	quality	H003	s01_8chunk_loss_ablation	PearsonMSE improves benchmark Pearson over MSE at next scale	experiments/algonauts_text_loss_ablation.py	see result_json query and args	0151e9a	yes	PearsonMSE loss and harness added	ripper-TRX50-AERO-D	GPU1 RTX PRO 6000 Blackwell Max-Q	Python 3.12.3	/home/ripper/data/tribe_benchmarks	Algonauts2025	sub-01	friends	s01	e01a,e01b,e02a,e02b,e03a,e03b	e04a,e04b	n/a	chunk-heldout adjacent	weak adjacent episode leakage risk	6 chunks	2 chunks	0	warm feature cache	text_loss_s01_8chunk_v1	text_loss_s01_8chunk_v1	local tiny	n/a	text	loss	pearson_mse	S0006	33	10	1	n/a	PearsonMSELoss	Adam	OneCycleLR	n/a	test/pearson	0.046131	{"delta_vs_mse":0.028264,"test/loss":0.997957,"retrieval_top1":1.0}	7.893628	cache/ablation_results/algonauts_text_loss_ablation_s01_8chunk_tiny_10epoch_loss.json	{"artifact_id":"A0005"}	none	Replicated positive direction; still not confirmatory due adjacent chunk split and one seed.	keep_exploratory	run episode-held-out multi-seed ablation	Codex	Backfilled from existing artifact.
S0008	2026-05-14T00:49:00Z	failure	quality	H003	s01_e01_e08_episode_3seed	PearsonMSE improves episode-held-out Pearson over MSE	experiments/algonauts_text_loss_ablation.py	see A0009 log	0151e9a	yes	episode split harness added	ripper-TRX50-AERO-D	GPU1 RTX PRO 6000 Blackwell Max-Q	Python 3.12.3	/home/ripper/data/tribe_benchmarks	Algonauts2025	sub-01	friends	s01	e01-e06	e07-e08	n/a	episode-heldout	validates full e07/e08 episodes	12 timelines	4 timelines	0	cold start	text_loss_episode_s01_e01_e08_val_e07_e08_v1	text_loss_episode_s01_e01_e08_val_e07_e08_v1	local tiny	n/a	text	loss	both	n/a	33,34,35	10	1	n/a	MSELoss/PearsonMSELoss	Adam	OneCycleLR	n/a	n/a	n/a	{}	n/a	n/a	{"artifact_id":"A0009"}	missing video files e05-e08	Dataset loader validates Video events even for text-only features.	fixed	fetched required MKVs and reran	Codex	Failure logged by directive.
S0009	2026-05-14T00:51:00Z	failure	quality	H003	s01_e01_e08_episode_3seed	PearsonMSE improves episode-held-out Pearson over MSE	experiments/algonauts_text_loss_ablation.py	see A0010 log	0151e9a	yes	episode split harness added	ripper-TRX50-AERO-D	GPU1 RTX PRO 6000 Blackwell Max-Q	Python 3.12.3	/home/ripper/data/tribe_benchmarks	Algonauts2025	sub-01	friends	s01	e01-e06	e07-e08	n/a	episode-heldout	validates full e07/e08 episodes	12 timelines	4 timelines	0	cold start	text_loss_episode_s01_e01_e08_val_e07_e08_v1	text_loss_episode_s01_e01_e08_val_e07_e08_v1	local tiny	n/a	text	loss	both	n/a	33,34,35	10	1	n/a	MSELoss/PearsonMSELoss	Adam	OneCycleLR	n/a	n/a	n/a	{}	n/a	n/a	{"artifact_id":"A0010"}	missing chunk/movie on generated rows	Split transform needed timeline-level inference for generated rows.	fixed	patched split transform and added tests	Codex	Failure logged by directive.
S0010	2026-05-14T00:53:11Z	run	quality	H003	s01_e01_e08_episode_3seed	PearsonMSE improves episode-held-out Pearson over MSE	experiments/algonauts_text_loss_ablation.py	see result_json command metadata	0151e9a	yes	episode split and seed loop added	ripper-TRX50-AERO-D	GPU1 RTX PRO 6000 Blackwell Max-Q	Python 3.12.3	/home/ripper/data/tribe_benchmarks	Algonauts2025	sub-01	friends	s01	e01-e06	e07-e08	n/a	episode-heldout	no val episode chunks in train	12 timelines	4 timelines	0	first MSE cold cache; rest warm	text_loss_episode_s01_e01_e08_val_e07_e08_v1	text_loss_episode_s01_e01_e08_val_e07_e08_v1	local tiny	n/a	text	loss	pearson_mse_vs_mse	n/a	33,34,35	10	1	n/a	MSELoss/PearsonMSELoss	Adam	OneCycleLR	n/a	test/pearson	0.029462	{"mse":[0.032539,0.029561,0.029140],"pearson_mse":[0.058000,0.060324,0.061302],"deltas":[0.025461,0.030763,0.032162],"mean_delta":0.029462,"all_positive":true,"retrieval_top1":1.0}	1339.987312	cache/ablation_results/algonauts_text_loss_episode_s01_e01_e08_val_e07_e08_3seed_v1.json	{"artifact_id":"A0007","log_id":"A0008"}	none	Stronger exploratory evidence; survives episode holdout and 3 seeds on one subject/tiny model.	keep_exploratory	run same split at default model scale before larger data split	Codex	Primary metric value records mean delta, not raw Pearson.
S0011	2026-05-14T01:19:56Z	run	quality	H003	s01_e01_e08_full_loss_ablation	High-weight PearsonMSE improves default-scale Pearson over MSE	experiments/algonauts_text_loss_ablation.py	see result_json command metadata	0151e9a	yes	PearsonMSE loss and episode split harness added	ripper-TRX50-AERO-D	GPU1 RTX PRO 6000 Blackwell Max-Q	Python 3.12.3	/home/ripper/data/tribe_benchmarks	Algonauts2025	sub-01	friends	s01	e01-e06	e07-e08	n/a	episode-heldout	no val episode chunks in train	12 timelines	4 timelines	0	warm after first run	text_loss_episode_s01_e01_e08_val_e07_e08_v1	text_loss_episode_s01_e01_e08_val_e07_e08_v1	local default	n/a	text	loss	high_pearson_mse_vs_mse	n/a	33,34,35	10	1	n/a	MSELoss/PearsonMSELoss	Adam	OneCycleLR	n/a	test/pearson_mean_delta	-0.012724	{"mse_mean":0.084577,"pearson_mse_mean":0.071853,"deltas":[0.001789,-0.019375,-0.020585],"all_positive":false}	489.000000	cache/ablation_results/algonauts_text_loss_episode_s01_e01_e08_val_e07_e08_full_3seed_v1.json	{"artifact_id":"A0011","log_id":"A0012"}	none	High-weight PearsonMSE failed at default model scale.	reject	test only weak MSE-dominant auxiliary once before stopping Pearson-loss line	Codex	Primary metric value records mean delta.
S0012	2026-05-14T01:22:50Z	run	quality	H003	s01_e01_e08_full_aux_p010	Weak Pearson auxiliary improves default-scale Pearson over MSE	experiments/algonauts_text_loss_ablation.py	see result_json command metadata	0151e9a	yes	PearsonMSE loss supports configurable weights	ripper-TRX50-AERO-D	GPU1 RTX PRO 6000 Blackwell Max-Q	Python 3.12.3	/home/ripper/data/tribe_benchmarks	Algonauts2025	sub-01	friends	s01	e01-e06	e07-e08	n/a	episode-heldout	no val episode chunks in train	12 timelines	4 timelines	0	warm cache	text_loss_episode_s01_e01_e08_val_e07_e08_v1	text_loss_episode_s01_e01_e08_val_e07_e08_v1	local default	n/a	text	loss	pearson_weight_0.1_mse_weight_1.0	S0011_mse_mean	33,34,35	10	1	n/a	PearsonMSELoss	Adam	OneCycleLR	n/a	test/pearson_mean_delta	0.004053	{"mse_mean":0.084577,"aux_mean":0.08863,"deltas":[0.01434,0.002002,-0.004183],"all_positive":false}	251.205777	cache/ablation_results/algonauts_text_loss_episode_s01_e01_e08_val_e07_e08_full_aux_p010_3seed_v1.json	{"artifact_id":"A0013","log_id":"A0014"}	none	Mean positive but one negative seed; not promoted.	mixed	run larger-split falsification before any promotion	Codex	Primary metric value records mean delta.
S0013	2026-05-14T01:23:33Z	run	quality	H003	s01_e01_e08_full_aux_p025	Stronger weak Pearson auxiliary improves default-scale Pearson over MSE	experiments/algonauts_text_loss_ablation.py	see result_json command metadata	0151e9a	yes	PearsonMSE loss supports configurable weights	ripper-TRX50-AERO-D	GPU1 RTX PRO 6000 Blackwell Max-Q	Python 3.12.3	/home/ripper/data/tribe_benchmarks	Algonauts2025	sub-01	friends	s01	e01-e06	e07-e08	n/a	episode-heldout	no val episode chunks in train	12 timelines	4 timelines	0	warm cache	text_loss_episode_s01_e01_e08_val_e07_e08_v1	text_loss_episode_s01_e01_e08_val_e07_e08_v1	local default	n/a	text	loss	pearson_weight_0.25_mse_weight_1.0	S0011_mse_mean	33,34,35	10	1	n/a	PearsonMSELoss	Adam	OneCycleLR	n/a	test/pearson_mean_delta	-0.003232	{"mse_mean":0.084577,"aux_mean":0.081345,"deltas":[0.009115,-0.003928,-0.014882],"all_positive":false}	252.187590	cache/ablation_results/algonauts_text_loss_episode_s01_e01_e08_val_e07_e08_full_aux_p025_3seed_v1.json	{"artifact_id":"A0015","log_id":"A0016"}	none	Mean negative; reject.	reject	do not continue this weight	Codex	Primary metric value records mean delta.
S0014	2026-05-14T01:27:00Z	run	quality	H004	s01_e01_e08_full_mse_delay_l6s2	Hidden TemporalDelayBank improves default-scale MSE baseline	experiments/algonauts_text_loss_ablation.py	see result_json command metadata	0151e9a	yes	TemporalDelayBank added after transformer before head	ripper-TRX50-AERO-D	GPU1 RTX PRO 6000 Blackwell Max-Q	Python 3.12.3	/home/ripper/data/tribe_benchmarks	Algonauts2025	sub-01	friends	s01	e01-e06	e07-e08	n/a	episode-heldout	no val episode chunks in train	12 timelines	4 timelines	0	warm cache	text_loss_episode_s01_e01_e08_val_e07_e08_v1	text_loss_episode_s01_e01_e08_val_e07_e08_v1	local default	n/a	text	temporal_delay_bank	hidden_lags6_stride2_mse	S0011_mse_mean	33,34,35	10	1	n/a	MSELoss	Adam	OneCycleLR	n/a	test/pearson_mean_delta	0.000628	{"baseline_mean":0.084577,"delay_mean":0.085205,"deltas":[0.000698,0.000621,0.000565],"all_positive":true}	252.000000	cache/ablation_results/algonauts_text_loss_episode_s01_e01_e08_val_e07_e08_full_mse_delay_l6s2_3seed_v1.json	{"artifact_id":"A0017","log_id":"A0018"}	none	All-positive but far below meaningful threshold.	neutral	test output-level delay once on larger split; do not claim improvement	Codex	Primary metric value records mean delta.
S0015	2026-05-14T02:16:54Z	run	quality	H003	s01_e01_e12_full_aux_p010_falsification	Weak Pearson auxiliary generalizes to larger episode split	experiments/algonauts_text_loss_ablation.py	see result_json command metadata	0151e9a	yes	larger split cache and weak auxiliary falsification	ripper-TRX50-AERO-D	GPU1 RTX PRO 6000 Blackwell Max-Q	Python 3.12.3	/home/ripper/data/tribe_benchmarks	Algonauts2025	sub-01	friends	s01	e01-e10	e11-e12	n/a	episode-heldout	no val episode chunks in train	20 timelines	4 timelines	0	first MSE cold text cache; rest warm	text_loss_episode_s01_e01_e12_val_e11_e12_v1	text_loss_episode_s01_e01_e12_val_e11_e12_v1	local default	n/a	text	loss	pearson_weight_0.1_mse_weight_1.0	same artifact MSE seeds	33,34,35	10	1	n/a	MSELoss/PearsonMSELoss	Adam	OneCycleLR	n/a	test/pearson_mean_delta	0.002574	{"mse_mean":0.093322,"aux_mean":0.095896,"deltas":[-0.005355,0.015133,-0.002056],"all_positive":false}	2723.641295	cache/ablation_results/algonauts_text_loss_episode_s01_e01_e12_val_e11_e12_full_aux_p010_3seed_v1.json	{"artifact_id":"A0020","log_id":"A0021"}	none	Larger split remains mixed and below gate; stop Pearson-loss line.	reject	move to output-level temporal/hemodynamic modeling under MSE	Codex	Primary metric value records mean delta; first MSE runtime includes cold cache.
S0016	2026-05-14T02:24:45Z	run	quality	H004	s01_e01_e12_full_mse_output_delay_l6s2	Output-level TemporalDelayBank improves default-scale MSE baseline	experiments/algonauts_text_loss_ablation.py	see result_json command metadata	0151e9a	yes	output-level TemporalDelayBank added after subject head before pooling	ripper-TRX50-AERO-D	GPU1 RTX PRO 6000 Blackwell Max-Q	Python 3.12.3	/home/ripper/data/tribe_benchmarks	Algonauts2025	sub-01	friends	s01	e01-e10	e11-e12	n/a	episode-heldout	no val episode chunks in train	20 timelines	4 timelines	0	warm text cache	text_loss_episode_s01_e01_e12_val_e11_e12_v1	text_loss_episode_s01_e01_e12_val_e11_e12_v1	local default	n/a	text	output_temporal_delay_bank	output_lags6_stride2_mse	S0015 same artifact MSE seeds	33,34,35	10	1	n/a	MSELoss	Adam	OneCycleLR	n/a	test/pearson_mean_delta	-0.001497	{"baseline_mean":0.093322,"output_delay_mean":0.091825,"deltas":[-0.01175,0.005108,0.002152],"all_positive":false,"positive_seeds":2}	127.718266	cache/ablation_results/algonauts_text_loss_episode_s01_e01_e12_val_e11_e12_full_mse_output_delay_l6s2_3seed_v1.json	{"artifact_id":"A0022","log_id":"A0023"}	none	Output-level delay failed the larger-split gate; pause delay-bank line.	reject	move to text representation quality under MSE	Codex	Primary metric value records mean delta.
S0017	2026-05-14T03:09:26Z	run	quality	H005	s01_e01_e12_full_mse_qwen06b_6layer_mean	Averaging six Qwen hidden layers improves text-feature quality over one layer	experiments/algonauts_text_loss_ablation.py	see result_json command metadata	0151e9a	yes	harness text feature override flags added	ripper-TRX50-AERO-D	GPU1 RTX PRO 6000 Blackwell Max-Q	Python 3.12.3	/home/ripper/data/tribe_benchmarks	Algonauts2025	sub-01	friends	s01	e01-e10	e11-e12	n/a	episode-heldout	no val episode chunks in train	20 timelines	4 timelines	0	first seed cold text cache; rest warm	text_loss_episode_s01_e01_e12_val_e11_e12_qwen06b_6layers_v1	text_loss_episode_s01_e01_e12_val_e11_e12_qwen06b_6layers_v1	local default	n/a	text	text_feature_layers	qwen06b_layers_0_0.2_0.4_0.6_0.8_1.0_mean_aggregated	S0015 same artifact MSE seeds	33,34,35	10	1	n/a	MSELoss	Adam	OneCycleLR	n/a	test/pearson_mean_delta	-0.011640	{"baseline_mean":0.093322,"feature_mean":0.081682,"deltas":[0.000718,-0.014526,-0.021112],"all_positive":false,"positive_seeds":1,"extractor_dims":"text:(1,1024)"}	2446.037261	cache/ablation_results/algonauts_text_loss_episode_s01_e01_e12_val_e11_e12_full_mse_qwen06b_6layers_3seed_v1.json	{"artifact_id":"A0024","log_id":"A0025"}	protocol narrowed: layers were mean-aggregated to one vector	Averaged six-layer Qwen underperformed; do not promote. This does not test concatenated layers.	reject	run cheap extractor-dimension smoke before next feature ablation	Codex	Primary metric value records mean delta; first seed runtime includes cold feature cache.
S0018	2026-05-14T03:11:35Z	failure	quality	H005	smoke_qwen06b_6layers_cat_dims	Concatenated Qwen hidden layers can be exposed through data.layer_aggregation=cat	experiments/algonauts_text_loss_ablation.py	see failure log	0151e9a	yes	harness text feature override flags added	ripper-TRX50-AERO-D	GPU1 RTX PRO 6000 Blackwell Max-Q	Python 3.12.3	/home/ripper/data/tribe_benchmarks	Algonauts2025	sub-01	friends	s01	e01a	e01b	n/a	chunk smoke only	not a quality claim	1 chunk	1 chunk	0	no feature extraction; failed validation	smoke_qwen06b_6layers_cat_dims_v1	smoke_qwen06b_6layers_cat_dims_v1	local tiny	n/a	text	data.layer_aggregation	cat	n/a	33	1	1	1	MSELoss	Adam	OneCycleLR	n/a	validation_error	n/a	{"error":"data.layer_aggregation only allows group_mean or mean"}	n/a	n/a	{"log_id":"A0026"}	pydantic validation rejected data.layer_aggregation=cat	Concatenated-layer text features are not exposed via this config switch.	blocked	inspect data layer plumbing before attempting concatenated feature run	Codex	Failure logged by directive.
S0019	2026-05-14T03:17:02Z	run	quality	H005	smoke_qwen06b_6layers_none_dims	data.layer_aggregation=None preserves six Qwen text feature layers	experiments/algonauts_text_loss_ablation.py	see result_json command metadata	0151e9a	yes	CLI maps data-layer-aggregation none to Python None	ripper-TRX50-AERO-D	GPU1 RTX PRO 6000 Blackwell Max-Q	Python 3.12.3	/home/ripper/data/tribe_benchmarks	Algonauts2025	sub-01	friends	s01	e01a	e01b	n/a	chunk smoke only	not a quality claim	1 chunk	1 chunk	0	cold small feature cache	smoke_qwen06b_6layers_none_dims_v1	smoke_qwen06b_6layers_none_dims_v1	local tiny	n/a	text	data.layer_aggregation	none	n/a	33	1	1	1	MSELoss	Adam	OneCycleLR	n/a	extractor_dims	text:(6,1024)	{"test_pearson":8.3e-05,"seconds":200.808787}	200.808787	cache/ablation_results/smoke_qwen06b_6layers_none_dims_v1.json	{"artifact_id":"A0027","log_id":"A0028"}	none	Confirmed valid config path for preserving layer axis before full run.	supported_smoke	run full e01-e12 six-layer Qwen ablation with layer_aggregation=None	Codex	Smoke metric is not a quality claim.
S0020	2026-05-14T04:01:43Z	run	quality	H005	s01_e01_e12_full_mse_qwen06b_6layer_none	True six-layer Qwen hidden features improve text-feature quality over one layer	experiments/algonauts_text_loss_ablation.py	see result_json command metadata	0151e9a	yes	CLI supports layer_aggregation=None and metadata logging	ripper-TRX50-AERO-D	GPU1 RTX PRO 6000 Blackwell Max-Q	Python 3.12.3	/home/ripper/data/tribe_benchmarks	Algonauts2025	sub-01	friends	s01	e01-e10	e11-e12	n/a	episode-heldout	no val episode chunks in train	20 timelines	4 timelines	0	first seed cold text cache; rest warm	text_loss_episode_s01_e01_e12_val_e11_e12_qwen06b_6layers_none_v1	text_loss_episode_s01_e01_e12_val_e11_e12_qwen06b_6layers_none_v1	local default	n/a	text	text_feature_layers	qwen06b_layers_0_0.2_0.4_0.6_0.8_1.0_layer_axis_preserved	S0015 same artifact MSE seeds	33,34,35	10	1	n/a	MSELoss	Adam	OneCycleLR	n/a	test/pearson_mean_delta	-0.007474	{"baseline_mean":0.093322,"feature_mean":0.085848,"deltas":[0.01032,-0.003659,-0.029081],"all_positive":false,"positive_seeds":1,"extractor_dims":"text:(6,1024)"}	2575.888067	cache/ablation_results/algonauts_text_loss_episode_s01_e01_e12_val_e11_e12_full_mse_qwen06b_6layers_none_3seed_v1.json	{"artifact_id":"A0029","log_id":"A0030"}	none	Correctly exposed six-layer Qwen features underperformed one-layer Qwen baseline.	reject	do not pursue same-backbone layer richness; consider stronger text backbone only after smoke check	Codex	Primary metric value records mean delta; first seed runtime includes cold feature cache.
S0021	2026-05-14T04:25:35Z	run	quality	H006	smoke_llama32_3b_groupmean_dims	Paper-style Llama-3.2-3B group-mean text features are viable	experiments/algonauts_text_loss_ablation.py	see result_json command metadata	0151e9a	yes	harness supports text backbone/layer overrides	ripper-TRX50-AERO-D	GPU1 RTX PRO 6000 Blackwell Max-Q	Python 3.12.3	/home/ripper/data/tribe_benchmarks	Algonauts2025	sub-01	friends	s01	e01a	e01b	n/a	chunk smoke only	not a quality claim	1 chunk	1 chunk	0	cold small feature cache	smoke_llama32_3b_groupmean_dims_v1	smoke_llama32_3b_groupmean_dims_v1	local tiny	n/a	text	text_model_name	meta-llama/Llama-3.2-3B_group_mean	n/a	33	1	1	1	MSELoss	Adam	OneCycleLR	n/a	extractor_dims	text:(5,3072)	{"test_pearson":0.003294,"seconds":681.880234,"peak_vram_mb":13545.374}	681.880234	cache/ablation_results/smoke_llama32_3b_groupmean_dims_v1.json	{"artifact_id":"A0031","log_id":"A0032"}	none	Confirmed viable paper-style Llama text feature path before full run.	supported_smoke	run full e01-e12 Llama text feature ablation	Codex	Smoke metric is not a quality claim.
S0022	2026-05-14T05:57:07Z	run	quality	H007	smoke_text_audio_qwen06b_dims	Text+audio feature path is viable before full multimodal ablation	experiments/algonauts_text_loss_ablation.py	CUDA_VISIBLE_DEVICES=0 python experiments/algonauts_text_loss_ablation.py --features-to-use text audio --tiny-model --limit-train-batches 1	0151e9a	yes	dirty; harness modality controls added	ripper-TRX50-AERO-D	GPU0 RTX PRO 6000 Blackwell Max-Q	Python 3.12.3	/home/ripper/data/tribe_benchmarks	Algonauts2025	sub-01	friends	s01	e01a	e01b	n/a	chunk smoke only	not a quality claim; adjacent chunk split	1 chunk	1 chunk	0	cold text/audio feature cache	smoke_text_audio_qwen06b_dims_v1	text=smoke_text_audio_qwen06b_dims_v1,audio=smoke_text_audio_qwen06b_dims_v1	local tiny	n/a	text,audio	features_to_use	text_audio_qwen06b_wav2vecbert	n/a	33	1	1	1	MSELoss	Adam	OneCycleLR	n/a	extractor_dims	text:(1,1024);audio:(1,1024)	{"test_pearson":0.000815,"seconds":235.060789,"peak_vram_mb":9280.208}	235.060789	cache/ablation_results/smoke_text_audio_qwen06b_dims_v1.json	{"artifact_id":"A0033","log_id":"A0034"}	none	Confirmed multimodal harness/event path; no quality claim from tiny adjacent split.	supported_smoke	run full paired text-only vs text+audio only after the current Llama feature decision	Codex	Smoke launched while Llama full ablation continued on GPU1.
S0023	2026-05-14T06:30:32Z	run	quality	H006	s01_e01_e12_llama32_3b_groupmean_3seed	Paper-style Llama-3.2-3B text features improve held-out fMRI Pearson over small Qwen text features	experiments/algonauts_text_loss_ablation.py	see A0035/A0036 command metadata	0151e9a	yes	dirty; harness modality controls added after run launch	ripper-TRX50-AERO-D	GPU1 RTX PRO 6000 Blackwell Max-Q	Python 3.12.3	/home/ripper/data/tribe_benchmarks	Algonauts2025	sub-01	friends	s01	e01-e10	e11-e12	n/a	episode-heldout	no val episode chunks in train	20 timelines	4 timelines	0	first seed cold Llama text cache; rest warm	text_loss_episode_s01_e01_e12_val_e11_e12_llama32_3b_groupmean_v1	text_loss_episode_s01_e01_e12_val_e11_e12_llama32_3b_groupmean_v1	local default	n/a	text	text_model_name	meta-llama/Llama-3.2-3B_group_mean	S0015 same-split Qwen MSE seeds	33,34,35	10	1	n/a	MSELoss	Adam	OneCycleLR	n/a	heldout_val_pearson_mean_delta	0.032060	{"baseline_mean":0.093322,"feature_mean":0.125382,"deltas":[0.044269,0.037675,0.014237],"all_positive":true,"positive_seeds":3,"extractor_dims":"text:(5,3072)","seed_values":{"33":0.124788,"34":0.124713,"35":0.126645}}	7453.833436	cache/ablation_results/algonauts_text_loss_episode_s01_e01_e12_val_e11_e12_full_mse_llama32_3b_groupmean_3seed_v1.json	{"artifact_id":"A0035","log_id":"A0036"}	none	Passed preregistered exploratory gate: mean delta exceeds +0.01 and all seeds are positive.	passes_exploratory_gate	replicate frozen Llama config on a second held-out split before broader claims	Codex	Result is exploratory because it is one subject and one season subset; runtime is cache-confounded.
S0024	2026-05-14T06:37:11Z	run	quality	H006	s01_e01_e12_val_e09_e10_qwen06b_baseline	Qwen MSE baseline for frozen second-split replication	experiments/algonauts_text_loss_ablation.py	see A0037/A0038 command metadata	0151e9a	yes	dirty; harness modality controls included	ripper-TRX50-AERO-D	GPU0 RTX PRO 6000 Blackwell Max-Q	Python 3.12.3	/home/ripper/data/tribe_benchmarks	Algonauts2025	sub-01	friends	s01	e01-e08,e11-e12	e09-e10	n/a	episode-heldout	no val episode chunks in train	20 timelines	4 timelines	0	warm Qwen text cache	text_loss_episode_s01_e01_e12_val_e09_e10_qwen06b_v1	text_loss_episode_s01_e01_e12_val_e11_e12_v1	local default	n/a	text	text_model_name	Qwen/Qwen3-0.6B_layer_2/3	n/a	33,34,35	10	1	n/a	MSELoss	Adam	OneCycleLR	n/a	heldout_val_pearson_mean	0.113253	{"seed_values":{"33":0.107587,"34":0.116020,"35":0.116153},"extractor_dims":"text:(1,1024)"}	136.968263	cache/ablation_results/algonauts_text_loss_episode_s01_e01_e12_val_e09_e10_full_mse_qwen06b_3seed_v1.json	{"artifact_id":"A0037","log_id":"A0038"}	none	Baseline for frozen second split replication.	baseline	compare frozen Llama config under same split	Codex	Runtime is warm-cache and not a speed claim.
S0025	2026-05-14T06:37:42Z	run	quality	H006	s01_e01_e12_val_e09_e10_llama32_3b_groupmean	Frozen Llama text features replicate over Qwen baseline on a second held-out split	experiments/algonauts_text_loss_ablation.py	see A0039/A0040 command metadata	0151e9a	yes	dirty; harness modality controls included	ripper-TRX50-AERO-D	GPU1 RTX PRO 6000 Blackwell Max-Q	Python 3.12.3	/home/ripper/data/tribe_benchmarks	Algonauts2025	sub-01	friends	s01	e01-e08,e11-e12	e09-e10	n/a	episode-heldout	no val episode chunks in train	20 timelines	4 timelines	0	warm Llama text cache	text_loss_episode_s01_e01_e12_val_e09_e10_llama32_3b_groupmean_v1	text_loss_episode_s01_e01_e12_val_e11_e12_llama32_3b_groupmean_v1	local default	n/a	text	text_model_name	meta-llama/Llama-3.2-3B_group_mean	S0024	33,34,35	10	1	n/a	MSELoss	Adam	OneCycleLR	n/a	heldout_val_pearson_mean_delta	0.050164	{"baseline_mean":0.113253,"feature_mean":0.163417,"deltas":[0.061333,0.044113,0.045044],"all_positive":true,"positive_seeds":3,"extractor_dims":"text:(5,3072)","seed_values":{"33":0.168920,"34":0.160133,"35":0.161197}}	159.464999	cache/ablation_results/algonauts_text_loss_episode_s01_e01_e12_val_e09_e10_full_mse_llama32_3b_groupmean_3seed_v1.json	{"artifact_id":"A0039","log_id":"A0040"}	none	Replicated the Llama feature improvement on a different held-out episode pair.	replicated_exploratory	move to multimodal or multi-subject expansion; do not tune more on s01 validation splits	Codex	Still exploratory because it is sub-01/s01 only and uses validation splits, not final test data.
S0026	2026-05-14T07:11:25Z	run	quality	H008	pretrained_tribe_textonly_s01e01a_surface_approx	Can evaluate the public facebook/tribev2 checkpoint against local Algonauts labels in approximate surface space	experiments/eval_pretrained_tribe_algonauts.py	PATH=/home/ripper/.local/git-annex/usr/bin:$PATH DATAPATH=/home/ripper/data/tribe_benchmarks SAVEPATH=/home/ripper/data/tribe_runs CUDA_VISIBLE_DEVICES=1 python experiments/eval_pretrained_tribe_algonauts.py --features text --chunks e01a --target-batch-size 24	0151e9a	yes	added public-checkpoint evaluator and later parcel metric option	ripper-TRX50-AERO-D	GPU1 RTX PRO 6000 Blackwell Max-Q	Python 3.12.3	/home/ripper/data/tribe_benchmarks	Algonauts2025	sub-01	friends	s01	n/a	e01a	n/a	compatibility on train-distribution chunk; not heldout and not official	no official S7/OOD labels used	0	1 chunk	0	warm text feature cache	release	release	facebook/tribev2	facebook/tribev2	text	public_baseline_eval	textonly_surface_approx	n/a	n/a	n/a	1	n/a	n/a	n/a	n/a	n/a	approx_surface_pearson_mean	0.110629	{"median":0.094037,"n_vertices_total":20484,"n_vertices_finite":19315,"prediction_shape":[856,20484],"target_projection":"Schaefer1000 parcels to standard fsaverage5"}	667.026576	cache/ablation_results/pretrained_tribe_textonly_s01e01a_surface_approx_v1.json	{"artifact_id":"A0041","log_id":"A0042"}	none	Public checkpoint compatibility path works, but the result is an approximate local metric and cannot be compared to the leaderboard table.	supported_smoke	run parcel-space metric and then multimodal public checkpoint on same chunk	Codex	Official Algonauts S7/OOD labels are withheld; exact scoring requires Codabench submission.
S0027	2026-05-14T07:22:58Z	run	quality	H008	pretrained_tribe_textonly_s01e01a_parcel_approx	Can evaluate the public facebook/tribev2 checkpoint against local Algonauts labels in approximate parcel space	experiments/eval_pretrained_tribe_algonauts.py	PATH=/home/ripper/.local/git-annex/usr/bin:$PATH DATAPATH=/home/ripper/data/tribe_benchmarks SAVEPATH=/home/ripper/data/tribe_runs CUDA_VISIBLE_DEVICES=0 python experiments/eval_pretrained_tribe_algonauts.py --features text --chunks e01a --metric-space parcel	0151e9a	yes	added public-checkpoint evaluator parcel metric option and unit tests	ripper-TRX50-AERO-D	GPU0 RTX PRO 6000 Blackwell Max-Q	Python 3.12.3	/home/ripper/data/tribe_benchmarks	Algonauts2025	sub-01	friends	s01	n/a	e01a	n/a	compatibility on train-distribution chunk; not heldout and not official	no official S7/OOD labels used	0	1 chunk	0	warm text feature cache	release	release	facebook/tribev2	facebook/tribev2	text	public_baseline_eval	textonly_parcel_approx	S0026	n/a	n/a	1	n/a	n/a	n/a	n/a	n/a	approx_parcel_pearson_mean	0.113327	{"median":0.095330,"n_projected_parcels":983,"prediction_shape":[856,20484],"metric_prediction_shape":[856,1000]}	2.431390	cache/ablation_results/pretrained_tribe_textonly_s01e01a_parcel_approx_v1.json	{"artifact_id":"A0043","log_id":"A0044"}	initial run failed on Nilearn interpolation value then was patched and rerun successfully	Parcel metric path gives a closer Algonauts-style local metric than the surface path, but is still approximate because fsaverage-to-subject-Schaefer projection is not official preprocessing.	supported_smoke	wait for full multimodal public-checkpoint run and then decide whether to run a fair heldout local multimodal retrain	Codex	983/1000 parcels had projected fsaverage5 vertices.
S0028	2026-05-14T07:56:53Z	run	quality	H008	pretrained_tribe_multimodal_s01e01a_surface_approx	Can evaluate the public facebook/tribev2 full multimodal checkpoint against local Algonauts labels in approximate surface space	experiments/eval_pretrained_tribe_algonauts.py	PATH=/home/ripper/.local/git-annex/usr/bin:$PATH DATAPATH=/home/ripper/data/tribe_benchmarks SAVEPATH=/home/ripper/data/tribe_runs CUDA_VISIBLE_DEVICES=1 python experiments/eval_pretrained_tribe_algonauts.py --features text audio video --chunks e01a --target-batch-size 24	0151e9a	yes	added public-checkpoint evaluator parcel metric option and unit tests	ripper-TRX50-AERO-D	GPU1 RTX PRO 6000 Blackwell Max-Q	Python 3.12.3	/home/ripper/data/tribe_benchmarks	Algonauts2025	sub-01	friends	s01	n/a	e01a	n/a	compatibility on train-distribution chunk; not heldout and not official	no official S7/OOD labels used	0	1 chunk	0	cold video feature cache; warm text; audio newly materialized	release	release	facebook/tribev2	facebook/tribev2	text,audio,video	public_baseline_eval	multimodal_surface_approx	S0026	n/a	n/a	1	n/a	n/a	n/a	n/a	n/a	approx_surface_pearson_mean	0.160431	{"median":0.131399,"n_vertices_total":20484,"n_vertices_finite":19315,"prediction_shape":[882,20484],"target_projection":"Schaefer1000 parcels to standard fsaverage5"}	2405.070091	cache/ablation_results/pretrained_tribe_text_audio_video_s01e01a_surface_approx_v1.json	{"artifact_id":"A0045","log_id":"A0046"}	none	Public full multimodal compatibility path works and scores higher than text-only on this local train-distribution chunk, but it is not an improvement over public TRIBE because it is public TRIBE.	supported_smoke	rerun in parcel metric with array export and compare matched sample times	Codex	Runtime dominated by first-time V-JEPA video feature cache materialization.
S0029	2026-05-14T07:59:14Z	run	quality	H009	pretrained_tribe_text_vs_full_s01e01a_parcel_matched	Full multimodal public TRIBE exceeds text-only public TRIBE under the same approximate parcel metric on a local compatibility chunk	experiments/eval_pretrained_tribe_algonauts.py	see A0047-A0053 commands and matched comparison artifact	0151e9a	yes	added array export for matched sample-time comparisons	ripper-TRX50-AERO-D	GPU0/GPU1 RTX PRO 6000 Blackwell Max-Q	Python 3.12.3	/home/ripper/data/tribe_benchmarks	Algonauts2025	sub-01	friends	s01	n/a	e01a	n/a	compatibility on train-distribution chunk; not heldout and not official	no official S7/OOD labels used	0	1 chunk	0	warm text/audio/video feature cache	release	release	facebook/tribev2	facebook/tribev2	text vs text,audio,video	features_to_use	text_vs_multimodal_parcel_matched	S0027	n/a	n/a	1	n/a	n/a	n/a	n/a	n/a	delta_approx_parcel_pearson_mean	0.058203	{"text_mean":0.113327,"multimodal_mean":0.171530,"matched_samples":856,"mean_abs_time_delta_seconds":0.030012,"n_projected_parcels":983}	0	cache/ablation_results/pretrained_tribe_text_vs_full_s01e01a_parcel_matched_v1.json	{"text_artifact_id":"A0047","full_artifact_id":"A0050","comparison_artifact_id":"A0053"}	none	As expected, adding audio and video to the public checkpoint improves local approximate parcel Pearson on this one chunk; this is evaluator calibration and modality evidence, not a new algorithmic improvement claim.	supported_smoke	next fair improvement experiment should use a faithful public-style baseline and a predeclared heldout train-label split or generate official Codabench submissions	Codex	Matched nearest sample times within 0.06 seconds because text-only and multimodal event grids differ slightly.
S0030	2026-05-14T08:56:50Z	run	quality	H008	pretrained_tribe_multimodal_s01e01b_parcel_approx	Can evaluate the public facebook/tribev2 full multimodal checkpoint on an additional local chunk in approximate parcel space	experiments/eval_pretrained_tribe_algonauts.py	see A0054-A0056 command metadata	0151e9a	yes	evaluator supports parcel metric and array export	ripper-TRX50-AERO-D	GPU1 RTX PRO 6000 Blackwell Max-Q	Python 3.12.3	/home/ripper/data/tribe_benchmarks	Algonauts2025	sub-01	friends	s01	n/a	e01b	n/a	compatibility on train-distribution chunk; not heldout and not official	no official S7/OOD labels used	0	1 chunk	0	warm text/audio/video feature cache	release	release	facebook/tribev2	facebook/tribev2	text,audio,video	public_baseline_eval	multimodal_e01b_parcel_approx	n/a	n/a	n/a	1	n/a	n/a	n/a	n/a	n/a	approx_parcel_pearson_mean	0.197998	{"median":0.177904,"n_prediction_samples":880,"n_finite_target_rows":876,"n_projected_parcels":983,"prediction_shape":[880,20484],"metric_prediction_shape":[880,1000]}	2870.487208	cache/ablation_results/pretrained_tribe_text_audio_video_s01e01b_parcel_approx_v1.json	{"artifact_id":"A0054","log_id":"A0055","array_id":"A0056"}	none	Public checkpoint compatibility extended to e01b; still approximate and not leaderboard comparable.	supported_smoke	use exported arrays for predeclared calibration tests only	Codex	Official hidden-label comparison still requires Codabench.
S0031	2026-05-14T08:50:16Z	run	quality	H008	pretrained_tribe_multimodal_s01e02a_parcel_approx	Can evaluate the public facebook/tribev2 full multimodal checkpoint on a later local chunk in approximate parcel space	experiments/eval_pretrained_tribe_algonauts.py	see A0057-A0059 command metadata	0151e9a	yes	evaluator supports parcel metric and array export	ripper-TRX50-AERO-D	GPU0 RTX PRO 6000 Blackwell Max-Q	Python 3.12.3	/home/ripper/data/tribe_benchmarks	Algonauts2025	sub-01	friends	s01	n/a	e02a	n/a	compatibility on train-distribution chunk; not heldout and not official	no official S7/OOD labels used	0	1 chunk	0	warm text/audio/video feature cache	release	release	facebook/tribev2	facebook/tribev2	text,audio,video	public_baseline_eval	multimodal_e02a_parcel_approx	n/a	n/a	n/a	1	n/a	n/a	n/a	n/a	n/a	approx_parcel_pearson_mean	0.213289	{"median":0.189061,"n_prediction_samples":719,"n_finite_target_rows":712,"n_projected_parcels":983,"prediction_shape":[719,20484],"metric_prediction_shape":[719,1000]}	2475.548869	cache/ablation_results/pretrained_tribe_text_audio_video_s01e02a_parcel_approx_v1.json	{"artifact_id":"A0057","log_id":"A0058","array_id":"A0059"}	none	Public checkpoint compatibility extended to e02a; still approximate and not leaderboard comparable.	supported_smoke	use as the validation chunk for cross-chunk calibration falsification	Codex	Official hidden-label comparison still requires Codabench.
S0032	2026-05-14T08:07:17Z	run	quality	H010	tribe_calibration_multimodal_s01e01a_parcel_temporal_ridge	Per-parcel temporal ridge calibration improves public TRIBE predictions on available labels	experiments/tribe_calibration_ablation.py	see A0060/A0061 command metadata	0151e9a	yes	calibration harness added for exported public-checkpoint arrays	ripper-TRX50-AERO-D	CPU	Python 3.12.3	/home/ripper/data/tribe_benchmarks	Algonauts2025	sub-01	friends	s01	first 60 percent of e01a finite rows	post-gap tail of e01a	n/a	time split inside one chunk with 20-row gap	validation rows excluded from ridge fit; public checkpoint may have seen this train-distribution chunk	526	330	0	uses exported arrays	release	release	posthoc_on_facebook/tribev2	facebook/tribev2 text_audio_video parcel arrays	text,audio,video	calibration	temporal_ridge_lags_-4_-2_0_2_4_alpha10_within_e01a	raw_public_tribe_same_rows	n/a	n/a	n/a	n/a	ridge	closed_form_ridge	n/a	n/a	delta_approx_parcel_pearson_mean	-0.017894	{"raw_public_tribe_mean":0.169055,"calibrated_mean":0.151160,"raw_public_tribe_median":0.145318,"calibrated_median":0.120274,"n_metric_val_rows":326,"n_projected_parcels":983}	0.104968	cache/ablation_results/tribe_calibration_multimodal_s01e01a_parcel_temporal_ridge_v1.json	{"artifact_id":"A0060","log_id":"A0061"}	none	Within-chunk temporal ridge calibration degraded public TRIBE predictions; no improvement.	reject	run one cross-chunk falsification before closing this line	Codex	Local labels only; not an official leaderboard result.
S0033	2026-05-14T08:57:09Z	run	quality	H010	tribe_calibration_multimodal_train_e01ab_val_e02a_parcel_temporal_ridge	Per-parcel temporal ridge calibration trained on earlier chunks improves public TRIBE predictions on a later chunk	experiments/tribe_calibration_ablation.py	see A0062/A0063 command metadata	0151e9a	yes	calibration harness supports explicit train and validation array sets	ripper-TRX50-AERO-D	CPU	Python 3.12.3	/home/ripper/data/tribe_benchmarks	Algonauts2025	sub-01	friends	s01	e01a,e01b	e02a	n/a	cross-chunk split using only available local labels	validation chunk excluded from ridge fit; public checkpoint may have seen all train-distribution chunks	1752	712	0	uses exported arrays	release	release	posthoc_on_facebook/tribev2	facebook/tribev2 text_audio_video parcel arrays	text,audio,video	calibration	temporal_ridge_lags_-4_-2_0_2_4_alpha10_train_e01ab_val_e02a	S0032	n/a	n/a	n/a	n/a	ridge	closed_form_ridge	n/a	n/a	delta_approx_parcel_pearson_mean	-0.012626	{"raw_public_tribe_mean":0.210617,"calibrated_mean":0.197991,"raw_public_tribe_median":0.184223,"calibrated_median":0.171147,"n_metric_val_rows":708,"n_projected_parcels":983}	0.255855	cache/ablation_results/tribe_calibration_multimodal_train_e01ab_val_e02a_parcel_temporal_ridge_v1.json	{"artifact_id":"A0062","log_id":"A0063"}	none	Cross-chunk calibration also degraded public TRIBE predictions; reject posthoc temporal ridge calibration.	reject	stop this calibration line; next test should modify representation or training signal under a fair heldout protocol	Codex	Local labels only; not an official leaderboard result.
S0034	2026-05-14T09:05:24Z	run	quality	H011	tribe_calibration_multimodal_s01e01a_parcel_global_ridge_a1000	Global spatiotemporal ridge output adapter improves public TRIBE predictions on available labels	experiments/tribe_calibration_ablation.py	see A0064/A0065 command metadata	0151e9a	yes	added global-ridge adapter mode with unit tests	ripper-TRX50-AERO-D	CPU	Python 3.12.3	/home/ripper/data/tribe_benchmarks	Algonauts2025	sub-01	friends	s01	first 60 percent of e01a finite rows	post-gap tail of e01a	n/a	time split inside one chunk with 20-row gap	validation rows excluded from ridge fit; public checkpoint may have seen this train-distribution chunk	526	330	0	uses exported arrays	release	release	posthoc_on_facebook/tribev2	facebook/tribev2 text_audio_video parcel arrays	text,audio,video	calibration	global_ridge_lags_-4_-2_0_2_4_alpha1000_within_e01a	raw_public_tribe_same_rows	n/a	n/a	n/a	n/a	ridge	dual_closed_form_ridge	n/a	n/a	delta_approx_parcel_pearson_mean	-0.063476	{"raw_public_tribe_mean":0.169055,"calibrated_mean":0.105578,"raw_public_tribe_median":0.145318,"calibrated_median":0.084710,"n_metric_val_rows":326,"n_projected_parcels":983}	0.109003	cache/ablation_results/tribe_calibration_multimodal_s01e01a_parcel_global_ridge_a1000_v1.json	{"artifact_id":"A0064","log_id":"A0065"}	none	Within-chunk global ridge adapter degraded public TRIBE predictions sharply; no improvement.	reject	run one cross-chunk falsification before closing shallow output-adapter line	Codex	Alpha fixed before validation at 1000 because global feature count is much larger than per-parcel ridge.
S0035	2026-05-14T09:05:28Z	run	quality	H011	tribe_calibration_multimodal_train_e01ab_val_e02a_parcel_global_ridge_a1000	Global spatiotemporal ridge output adapter trained on earlier chunks improves public TRIBE predictions on a later chunk	experiments/tribe_calibration_ablation.py	see A0066/A0067 command metadata	0151e9a	yes	global-ridge adapter mode supports explicit train and validation array sets	ripper-TRX50-AERO-D	CPU	Python 3.12.3	/home/ripper/data/tribe_benchmarks	Algonauts2025	sub-01	friends	s01	e01a,e01b	e02a	n/a	cross-chunk split using only available local labels	validation chunk excluded from ridge fit; public checkpoint may have seen all train-distribution chunks	1752	712	0	uses exported arrays	release	release	posthoc_on_facebook/tribev2	facebook/tribev2 text_audio_video parcel arrays	text,audio,video	calibration	global_ridge_lags_-4_-2_0_2_4_alpha1000_train_e01ab_val_e02a	S0034	n/a	n/a	n/a	n/a	ridge	dual_closed_form_ridge	n/a	n/a	delta_approx_parcel_pearson_mean	-0.020744	{"raw_public_tribe_mean":0.210617,"calibrated_mean":0.189873,"raw_public_tribe_median":0.184223,"calibrated_median":0.150121,"n_metric_val_rows":708,"n_projected_parcels":983}	0.243198	cache/ablation_results/tribe_calibration_multimodal_train_e01ab_val_e02a_parcel_global_ridge_a1000_v1.json	{"artifact_id":"A0066","log_id":"A0067"}	none	Cross-chunk global ridge adapter also degraded public TRIBE predictions; close shallow output-adapter branch.	reject	move next to leaderboard-format submission harness and representation/training changes, not output post-processing	Codex	Local labels only; not an official leaderboard result.
S0036	2026-05-14T09:21:22Z	run	submission_harness	H012	tribe_textonly_friends_s7_sub01_s07e01a_submission_smoke	The harness can emit all-finite leaderboard-shaped hidden Friends S7 predictions without hidden labels	experiments/predict_tribe_algonauts_submission.py	see A0073-A0076 command metadata	0151e9a	yes	added submission harness and utility tests	ripper-TRX50-AERO-D	cache rerun	Python 3.12.3	/home/ripper/data/tribe_benchmarks	Algonauts2025	sub-01	friends	s07	n/a	n/a	s07e01a	hidden Friends S7 stimulus row counts only; no labels available	no hidden fMRI labels loaded or scored	0	0	460	uses cached text predictions and row-mean finite fill	release	release	facebook/tribev2	facebook/tribev2	text	submission_harness	textonly_s07e01a_smoke	n/a	n/a	n/a	n/a	n/a	n/a	n/a	n/a	n/a	shape_finite	1	{"shape":[460,1000],"n_target_samples":460,"n_prediction_segments":null,"n_nonfinite_values_filled":7820,"used_prediction_cache":true}	1.042119	cache/submissions/tribe_textonly_friends_s7_sub01_s07e01a_manifest_v1.json	{"submission_npy":"A0073","submission_zip":"A0074","manifest":"A0075","log":"A0076"}	none	Text-only submission-format artifact generated and finite; this is not a score because Friends S7 labels are withheld.	supported_smoke	use as harness check only; compare quality through Codabench or available-label splits	Codex	Initial uncached attempt exposed empty projected parcels; row-mean fill makes submission-shaped arrays finite without using labels.
S0037	2026-05-14T09:22:52Z	run	submission_harness	H012	tribe_full_friends_s7_sub01_s07e01a_submission_smoke	The public TRIBE full multimodal checkpoint can generate leaderboard-shaped hidden Friends S7 predictions for a real movie split	experiments/predict_tribe_algonauts_submission.py	see A0077-A0081 command metadata	0151e9a	yes	added submission harness and utility tests	ripper-TRX50-AERO-D	GPU1 RTX PRO 6000 Blackwell Max-Q	Python 3.12.3	/home/ripper/data/tribe_benchmarks	Algonauts2025	sub-01	friends	s07	n/a	n/a	s07e01a	hidden Friends S7 stimulus row counts only; no labels available	no hidden fMRI labels loaded or scored	0	0	460	movie materialized via git-annex; text/audio/video features uncached for this item	release	release	facebook/tribev2	facebook/tribev2	text,audio,video	submission_harness	full_multimodal_s07e01a_smoke	S0036	n/a	n/a	n/a	n/a	n/a	n/a	n/a	n/a	shape_finite	1	{"shape":[460,1000],"n_target_samples":460,"n_prediction_segments":685,"n_nonfinite_values_filled":7820,"used_prediction_cache":false}	1822.996709	cache/submissions/tribe_full_friends_s7_sub01_s07e01a_manifest_v1.json	{"movie_get_log":"A0077","submission_npy":"A0078","submission_zip":"A0079","manifest":"A0080","log":"A0081"}	none	Full multimodal hidden-stimulus artifact generated; it enables official submission comparison but is not itself an accuracy result.	supported_smoke	scale raw public TRIBE full S7/OOD submissions and submit for official score before candidate comparison	Codex	V-JEPA/video path dominates runtime; one split took about 30.4 minutes.
S0038	2026-05-14T10:03:21Z	run	quality	H013	pretrained_tribe_modality_ablation_s01e02a_parcel_approx	Public TRIBE multimodal input outperforms unimodal and partial modality inputs on an available-label local chunk	experiments/eval_pretrained_tribe_algonauts.py	see A0082-A0100 command metadata	0151e9a	yes	submission harness added; existing evaluator reused for modality ablation	ripper-TRX50-AERO-D	GPU0/GPU1 warmed-cache runs	Python 3.12.3	/home/ripper/data/tribe_benchmarks	Algonauts2025	sub-01	friends	s01	n/a	e02a	n/a	available-label train-distribution compatibility chunk; not official hidden holdout	no Friends S7/OOD hidden labels used; public checkpoint may have seen this distribution	0	712	0	warm feature cache for new modality reruns; full condition from prior cold run	release	release	facebook/tribev2	facebook/tribev2	text,audio,video	modality_set	text_audio_video_vs_partial_modalities	S0031	n/a	n/a	n/a	n/a	n/a	n/a	n/a	n/a	approx_parcel_pearson_mean_best	0.213289	{"text":0.135589,"audio":null,"video":0.175551,"text_audio":0.135589,"text_video":0.210799,"audio_video":0.202912,"text_audio_video":0.213289,"text_video_delta_vs_full":-0.002490,"audio_video_delta_vs_full":-0.010377,"audio_constant_predictions":true}	2480.847421	cache/ablation_results/pretrained_tribe_modality_ablation_s01e02a_parcel_approx_v1.json	{"summary":"A0100","text":"A0082","audio":"A0085","video":"A0088","text_audio":"A0091","text_video":"A0094","audio_video":"A0097","full":"A0057"}	audio-only event-pruning bug in evaluator; superseded by corrected v2 run S0039	Superseded: the first modality summary was generated before fixing the evaluator path that removed Video before audio extraction for audio-without-video conditions.	superseded	use corrected v2 modality ablation S0039/A0121	Codex	Local compatibility evidence only, not leaderboard-comparable.
S0039	2026-05-14T10:10:25Z	run	quality	H013	pretrained_tribe_modality_ablation_s01e02a_parcel_approx_v2	Public TRIBE multimodal input outperforms unimodal and partial modality inputs on an available-label local chunk after fixing audio extraction	experiments/eval_pretrained_tribe_algonauts.py	see A0101-A0121 command metadata	0151e9a	yes	fixed audio-only event pruning and added utility test	ripper-TRX50-AERO-D	GPU0/GPU1 warmed-cache runs	Python 3.12.3	/home/ripper/data/tribe_benchmarks	Algonauts2025	sub-01	friends	s01	n/a	e02a	n/a	available-label train-distribution compatibility chunk; not official hidden holdout	no Friends S7/OOD hidden labels used; public checkpoint may have seen this distribution	0	712	0	warm feature cache for corrected modality reruns; full condition from prior cold run	release	release	facebook/tribev2	facebook/tribev2	text,audio,video	modality_set	corrected_text_audio_video_vs_partial_modalities	S0031	n/a	n/a	n/a	n/a	n/a	n/a	n/a	n/a	approx_parcel_pearson_mean_best	0.213289	{"text":0.135589,"audio":0.153013,"video":0.175551,"text_audio":0.173635,"text_video":0.210799,"audio_video":0.202912,"text_audio_video":0.213289,"text_video_delta_vs_full":-0.002490,"audio_video_delta_vs_full":-0.010377,"text_audio_delta_vs_text":0.038047}	2480.653	cache/ablation_results/pretrained_tribe_modality_ablation_s01e02a_parcel_approx_v2.json	{"summary":"A0121","text":"A0103","audio":"A0106","video":"A0109","text_audio":"A0112","text_video":"A0115","audio_video":"A0118","full":"A0057","fix":"A0101","test":"A0102"}	approximate projected parcels; cache-confounded timing; full condition from prior cold run	Corrected local modality ablation supports the expected hierarchy: full multimodal is best, text+video is very close, and audio becomes valid once extracted correctly. It still does not show a new model improvement over public TRIBE.	supported_local	use as public-checkpoint sanity baseline; next candidate must beat full multimodal under the same protocol or official Codabench scoring	Codex	Local compatibility evidence only, not leaderboard-comparable.
S0040	2026-05-14T10:17:00Z	run	quality	H014	tribe_hrf_offset_train_e01ab_val_e02a	A scalar HRF target offset near the default 5s improves public TRIBE full multimodal predictions on held-out available labels	experiments/tribe_hrf_offset_ablation.py	see A0122-A0125 command metadata	0151e9a	yes	added HRF offset ablation harness and tests	ripper-TRX50-AERO-D	CPU	Python 3.12.3	/home/ripper/data/tribe_benchmarks	Algonauts2025	sub-01	friends	s01	e01a,e01b	e02a	n/a	cross-chunk available-label split; offset selected only on e01a/e01b and reported on e02a	no Friends S7/OOD hidden labels used; no validation labels used for offset selection	1752	712	0	uses exported public TRIBE prediction arrays	release	release	posthoc_on_facebook/tribev2	facebook/tribev2 text_audio_video parcel arrays	text,audio,video	hrf_offset	offsets_3_4_5_6_7_select_train_val_e02a	S0031	n/a	n/a	n/a	n/a	n/a	n/a	n/a	n/a	delta_val_selected_vs_baseline	0.000000	{"train_scores":{"3":0.157599,"4":0.176201,"5":0.181691,"6":0.172264,"7":0.150985},"selected_offset_seconds":5.0,"val_selected_mean":0.213289,"val_baseline_mean":0.213289}	0.315983	cache/ablation_results/tribe_hrf_offset_train_e01ab_val_e02a_v1.json	{"script":"A0122","test":"A0123","result":"A0124","log":"A0125"}	none	Default 5s offset was selected on training chunks and tied baseline on validation; scalar HRF offset is not an improvement.	reject	stop scalar offset branch; next test should alter representation/fusion rather than target timing	Codex	Local compatibility evidence only, not leaderboard-comparable.
S0041	2026-05-14T10:32:53Z	run	quality	H015	tribe_late_fusion_integer_timed_train_e01ab_val_e02a	Global convex late fusion of partial modality predictions improves over public full multimodal predictions on held-out available labels	experiments/tribe_late_fusion_ablation.py	see A0126-A0131 command metadata	0151e9a	yes	added global late-fusion ablation harness and tests	ripper-TRX50-AERO-D	CPU	Python 3.12.3	/home/ripper/data/tribe_benchmarks	Algonauts2025	sub-01	friends	s01	e01a,e01b	e02a	n/a	cross-chunk available-label split; fusion weights selected only on e01a/e01b	no Friends S7/OOD hidden labels used; no validation labels used for weight selection	1752	712	0	uses exported public TRIBE modality arrays	release	release	posthoc_on_facebook/tribev2	facebook/tribev2 modality parcel arrays	text,audio,video	late_fusion	global_convex_full_textvideo_audiovideo	S0031	n/a	n/a	n/a	n/a	n/a	n/a	n/a	n/a	delta_val_selected_vs_full	0.001959	{"weights":{"text_video":0.35,"audio_video":0.35,"full":0.30},"val_selected_mean":0.215248,"val_full_mean":0.213289,"broad_all_condition_delta":-0.001085}	3.143855	cache/ablation_results/tribe_late_fusion_integer_timed_train_e01ab_val_e02a_v1.json	{"script":"A0126","test":"A0127","clean_result":"A0128","clean_log":"A0129","broad_result":"A0130","broad_log":"A0131"}	positive delta below meaningful gate	Global convex fusion produced only a small held-out gain, below the +0.01 gate; do not promote.	exploratory_below_gate	try region-wise fusion, then require larger predeclared split if positive	Codex	Local compatibility evidence only, not leaderboard-comparable.
S0042	2026-05-14T10:32:53Z	run	quality	H016	tribe_regionwise_fusion_integer_timed_train_e01ab_val_e02a	Parcel-wise convex late fusion of partial modality predictions improves over public full multimodal predictions on held-out available labels	experiments/tribe_regionwise_fusion_ablation.py	see A0132-A0137 command metadata	0151e9a	yes	added parcel-wise region fusion ablation harness and tests	ripper-TRX50-AERO-D	CPU	Python 3.12.3	/home/ripper/data/tribe_benchmarks	Algonauts2025	sub-01	friends	s01	e01a,e01b	e02a	n/a	cross-chunk available-label split; parcel weights selected only on e01a/e01b	no Friends S7/OOD hidden labels used; no validation labels used for weight selection	1752	712	0	uses exported public TRIBE modality arrays	release	release	posthoc_on_facebook/tribev2	facebook/tribev2 modality parcel arrays	text,audio,video	regionwise_fusion	parcelwise_convex_full_textvideo_audiovideo	S0031	n/a	n/a	n/a	n/a	n/a	n/a	n/a	n/a	delta_val_regionwise_vs_full	0.004637	{"val_regionwise_mean":0.217926,"val_full_mean":0.213289,"mean_weights":{"text_video":0.3477,"audio_video":0.36775,"full":0.26755},"broad_all_condition_delta":-0.001085}	3.276549	cache/ablation_results/tribe_regionwise_fusion_integer_timed_train_e01ab_val_e02a_v1.json	{"script":"A0132","test":"A0133","clean_result":"A0134","clean_log":"A0135","broad_result":"A0136","broad_log":"A0137"}	positive delta below meaningful gate; broader all-condition variant negative	Parcel-wise fusion is the most promising local signal so far, but +0.0046 is below the +0.01 meaningful gate and cannot be claimed as stronger than baseline.	exploratory_below_gate	only revisit with larger predeclared split or official scoring; do not promote now	Codex	Local compatibility evidence only, not leaderboard-comparable.
S0043	2026-05-14T10:37:33Z	run	quality	H016	tribe_regionwise_fusion_loocv_s01_e01ab_e02a	Parcel-wise convex late fusion remains positive and reaches the meaningful gate across leave-one-chunk-out folds	experiments/tribe_regionwise_fusion_ablation.py	see A0138-A0142 command metadata	0151e9a	yes	region-wise fusion harness reused for leave-one-chunk-out folds	ripper-TRX50-AERO-D	CPU	Python 3.12.3	/home/ripper/data/tribe_benchmarks	Algonauts2025	sub-01	friends	s01	two of e01a,e01b,e02a	held-out third of e01a,e01b,e02a	n/a	leave-one-chunk-out over three available train-distribution chunks	no Friends S7/OOD hidden labels used; each fold weights selected without its validation chunk	~1600-1752 per fold	712-876 per fold	0	uses exported public TRIBE modality arrays	release	release	posthoc_on_facebook/tribev2	facebook/tribev2 modality parcel arrays	text,audio,video	regionwise_fusion	loocv_parcelwise_convex_full_textvideo_audiovideo	S0042	n/a	n/a	n/a	n/a	n/a	n/a	n/a	n/a	mean_delta_vs_full	0.004940	{"fold_deltas":{"e01a":0.003469,"e01b":0.006714,"e02a":0.004637},"positive_folds":3,"passes_gate":false,"gate_min_mean_delta":0.01}	10.943994	cache/ablation_results/tribe_regionwise_fusion_loocv_s01_e01ab_e02a_v1.json	{"fold_e01a":"A0138","fold_e01a_log":"A0139","fold_e01b":"A0140","fold_e01b_log":"A0141","summary":"A0142"}	stable positive but sub-threshold; local train-distribution chunks only	Leave-one-chunk-out fusion is positive on all folds but mean delta is only +0.00494, below the +0.01 meaningful gate; do not claim stronger than baseline.	exploratory_below_gate	requires larger predeclared split or fundamentally stronger representation/training change before promotion	Codex	Local compatibility evidence only, not leaderboard-comparable.
S0044	2026-05-14T10:44:34Z	run	quality	H017	tribe_groupwise_fusion_loocv_s01_e01ab_e02a	Network/hemi-network shared late fusion reaches the meaningful gate across leave-one-chunk-out folds	experiments/tribe_groupwise_fusion_ablation.py	see A0143-A0157 command metadata	0151e9a	yes	group-wise fusion harness added and LOOCV aggregate logged	ripper-TRX50-AERO-D	CPU	Python 3.12.3	/home/ripper/data/tribe_benchmarks	Algonauts2025	sub-01	friends	s01	two of e01a,e01b,e02a	held-out third of e01a,e01b,e02a	n/a	leave-one-chunk-out over three available train-distribution chunks	no Friends S7/OOD hidden labels used; each fold group weights selected without its validation chunk	~1600-1752 per fold	712-876 per fold	0	uses exported public TRIBE modality arrays	release	release	posthoc_on_facebook/tribev2	facebook/tribev2 modality parcel arrays	text,audio,video	groupwise_fusion	loocv_hemi_network_and_network_convex_full_textvideo_audiovideo	S0043	n/a	n/a	n/a	n/a	n/a	n/a	n/a	n/a	mean_delta_vs_full_best_mode	0.002438	{"hemi_network_mean_delta":0.002438,"network_mean_delta":0.002331,"hemi_network_fold_deltas":{"e01a":0.000719,"e01b":0.004564,"e02a":0.002031},"network_fold_deltas":{"e01a":0.000697,"e01b":0.004342,"e02a":0.001955},"positive_folds_hemi_network":3,"positive_folds_network":3,"passes_gate":false,"gate_min_mean_delta":0.01}	34.608182	cache/ablation_results/tribe_groupwise_fusion_loocv_s01_e01ab_e02a_v1.json	{"script":"A0143","test":"A0144","hemi_e01a":"A0145","hemi_e01a_log":"A0146","hemi_e01b":"A0147","hemi_e01b_log":"A0148","hemi_e02a":"A0149","hemi_e02a_log":"A0150","network_e01a":"A0151","network_e01a_log":"A0152","network_e01b":"A0153","network_e01b_log":"A0154","network_e02a":"A0155","network_e02a_log":"A0156","summary":"A0157"}	stable positive but smaller than parcel-wise and below meaningful gate	Shared network-level fusion is stable but weaker than parcel-wise fusion; this argues the current fusion gain is small and not a meaningful leaderboard candidate.	exploratory_below_gate	do not promote; next step should be representation/training change or official paired Codabench submission	Codex	Local compatibility evidence only, not leaderboard-comparable.
S0045	2026-05-14T11:01:21Z	run	quality	H018	tribe_frozen_readout_loocv_s01_e01ab_e02a	A subject-specific readout over frozen public TRIBE low-rank features meaningfully improves over the public full average-subject head	experiments/tribe_frozen_readout_ablation.py	see A0158-A0169 command metadata	0151e9a	yes	frozen readout harness added with unit tests and LOOCV aggregate	ripper-TRX50-AERO-D	GPU inference plus CPU ridge	Python 3.12.3	/home/ripper/data/tribe_benchmarks	Algonauts2025	sub-01	friends	s01	two of e01a,e01b,e02a	held-out third of e01a,e01b,e02a	n/a	leave-one-chunk-out over three available train-distribution chunks; ridge alpha selected only inside train chunks	no Friends S7/OOD hidden labels used; validation chunk excluded from feature-readout fit and alpha selection	1588-1752 per fold	712-876 per fold	0	uses cached public TRIBE extractor features and exported public full baseline arrays	release	release	frozen_facebook/tribev2_lowrank	facebook/tribev2 average-subject checkpoint	text,audio,video	subject_adaptation	lowrank_ridge_readout_alpha_inner_loocv	S0043	n/a	n/a	n/a	n/a	n/a	ridge	closed_form_ridge	n/a	mean_delta_vs_full_average_head	0.032820	{"fold_deltas":{"e01a":0.032913,"e01b":0.037097,"e02a":0.028450},"fold_readout_means":{"e01a":0.199632,"e01b":0.235095,"e02a":0.241738},"fold_baseline_means":{"e01a":0.166720,"e01b":0.197998,"e02a":0.213289},"selected_alpha_all_folds":1000.0,"positive_folds":3,"passes_local_gate":true,"gate_min_mean_delta":0.01,"n_scored_units_common_with_baseline":983}	205.403371	cache/ablation_results/tribe_frozen_readout_loocv_s01_e01ab_e02a_v1.json	{"script":"A0158","test":"A0159","fold_e01a":"A0160","fold_e01a_log":"A0161","fold_e01b":"A0162","fold_e01b_log":"A0163","fold_e02a":"A0164","fold_e02a_log":"A0165","features_e01a":"A0166","features_e01b":"A0167","features_e02a":"A0168","summary":"A0169"}	local train-distribution chunks only; available-label proxy not official hidden leaderboard	Subject-specific frozen readout is the first local candidate to clear the meaningful gate against the real public TRIBE average-head baseline; promote to larger predeclared split and official-format submission path before leaderboard claim.	supported_local	scale to more chunks/subjects and implement official hidden submission generation for the readout	Codex	Local compatibility evidence only, not leaderboard-comparable.
S0046	2026-05-14T11:07:13Z	run	quality	H019	tribe_prediction_ridge_loocv_s01_e01ab_e02a	A supervised ridge calibration over public TRIBE average-head predictions meaningfully improves over the same public full average-subject head	experiments/tribe_prediction_ridge_baseline.py	see A0170-A0177 command metadata	0151e9a	yes	matched prediction-ridge calibration baseline added	ripper-TRX50-AERO-D	CPU	Python 3.12.3	/home/ripper/data/tribe_benchmarks	Algonauts2025	sub-01	friends	s01	two of e01a,e01b,e02a	held-out third of e01a,e01b,e02a	n/a	leave-one-chunk-out over three available train-distribution chunks; ridge alpha selected only inside train chunks	no Friends S7/OOD hidden labels used; validation chunk excluded from calibration fit and alpha selection	1588-1752 per fold	712-876 per fold	0	uses exported public full baseline arrays	release	release	posthoc_on_facebook/tribev2_predictions	facebook/tribev2 average-subject checkpoint	text,audio,video	subject_adaptation	prediction_ridge_calibration_alpha_inner_loocv	S0045	n/a	n/a	n/a	n/a	n/a	ridge	closed_form_ridge	n/a	mean_delta_vs_full_average_head	0.028392	{"fold_deltas":{"e01a":0.024777,"e01b":0.039412,"e02a":0.020986},"fold_calibrated_means":{"e01a":0.191497,"e01b":0.237410,"e02a":0.234275},"fold_baseline_means":{"e01a":0.166720,"e01b":0.197998,"e02a":0.213289},"positive_folds":3,"passes_local_gate":true,"gate_min_mean_delta":0.01,"lowrank_readout_mean_delta":0.032820,"lowrank_minus_prediction_ridge_mean_delta":0.004428,"lowrank_minus_prediction_ridge_fold_deltas":{"e01a":0.008136,"e01b":-0.002315,"e02a":0.007463}}	155.435954	cache/ablation_results/tribe_prediction_ridge_loocv_s01_e01ab_e02a_v1.json	{"script":"A0170","fold_e01a":"A0171","fold_e01a_log":"A0172","fold_e01b":"A0173","fold_e01b_log":"A0174","fold_e02a":"A0175","fold_e02a_log":"A0176","summary":"A0177"}	local train-distribution chunks only; available-label proxy not official hidden leaderboard	Matched supervised prediction-ridge control also clears the local gate, so the robust supported claim is supervised subject adaptation over public TRIBE outputs; the extra low-rank-readout advantage is small and mixed across folds.	supported_local	scale subject adaptation and compare low-rank versus prediction-ridge on more chunks/subjects before choosing hidden-submission method	Codex	Local compatibility evidence only, not leaderboard-comparable.
S0047	2026-05-14T11:49:35Z	run	quality	H020	pretrained_tribe_text_audio_video_s01e02b_parcel_approx_v1	Public full TRIBE baseline array for s01e02b is available for episode-heldout local comparison	experiments/eval_pretrained_tribe_algonauts.py	see A0185-A0187 command metadata	0151e9a	yes	added episode/metadata guards and maintained research logs	ripper-TRX50-AERO-D	GPU0	Python 3.12.3	/home/ripper/data/tribe_benchmarks	Algonauts2025	sub-01	friends	s01	n/a	e02b	n/a	available-label local proxy baseline materialization	no Friends S7/OOD hidden labels used; same evaluator and sidecar metadata recorded	0	712	0	cold public TRIBE full multimodal feature extraction for e02b	release	release	public_facebook/tribev2_average_head	facebook/tribev2	text,audio,video	baseline_materialization	full_multimodal_e02b	S0031	n/a	n/a	n/a	n/a	n/a	n/a	n/a	n/a	mean_pearson	0.223898	{"n_finite_target_rows":712,"n_nonempty_projected_parcels":983,"metric_space":"approx_projected_schaefer1000_parcel_1hz_interpolated_targets"}	2254.550834	cache/ablation_results/pretrained_tribe_text_audio_video_s01e02b_parcel_approx_v1.json	{"result":"A0185","arrays":"A0186","log":"A0187"}	none	Public full baseline for e02b completes the second episode needed for a stricter local subject-adaptation comparison.	supported_proxy	use in episode-heldout readout and prediction-ridge calibration	Codex	Local compatibility evidence only, not leaderboard-comparable.
S0048	2026-05-14T11:55:00Z	run	quality	H021	tribe_subject_adaptation_episode_holdout_s01_e01_e02	Supervised subject adaptation over public TRIBE improves over the public full average head under complete-episode local holdout	experiments/tribe_frozen_readout_ablation.py;experiments/tribe_prediction_ridge_baseline.py	see A0188-A0197 command metadata	0151e9a	yes	added episode split rejection, baseline metadata checks, and feature cache metadata	ripper-TRX50-AERO-D	GPU1 plus CPU ridge	Python 3.12.3	/home/ripper/data/tribe_benchmarks	Algonauts2025	sub-01	friends	s01	e01a,e01b or e02a,e02b	held-out opposite complete episode halves	n/a	bidirectional complete-episode available-label local proxy	episode-level train/val disjointness enforced; baseline sidecars validate checkpoint/features/metric/offset; alpha selected only inside train episode; no hidden labels	1424-1752 per fold	1424-1752 per fold	0	uses exported public full baseline arrays and cached public TRIBE extractor features	release	release	frozen_lowrank_and_posthoc_prediction_calibration_on_facebook/tribev2	facebook/tribev2	text,audio,video	subject_adaptation	episode_holdout_lowrank_vs_prediction_ridge	S0046	n/a	n/a	n/a	n/a	n/a	ridge	closed_form_ridge	n/a	lowrank_mean_delta_vs_full_average_head	0.041123	{"prediction_ridge_mean_delta_vs_full":0.039428,"lowrank_minus_prediction_ridge_mean":0.001695,"folds":{"train_e01_val_e02":{"baseline":0.218537,"lowrank":0.259015,"prediction_ridge":0.255212},"train_e02_val_e01":{"baseline":0.181691,"lowrank":0.223459,"prediction_ridge":0.223872}},"passes_subject_adaptation_gate_vs_raw_baseline":true,"passes_lowrank_specific_gate_vs_prediction_ridge":false}	352.590699	cache/ablation_results/tribe_subject_adaptation_episode_holdout_s01_e01_e02_v1.json	{"lowrank_features_e02b":"A0188","lowrank_e01_to_e02":"A0189","lowrank_e01_to_e02_log":"A0190","lowrank_e02_to_e01":"A0191","lowrank_e02_to_e01_log":"A0192","prediction_ridge_e01_to_e02":"A0193","prediction_ridge_e01_to_e02_log":"A0194","prediction_ridge_e02_to_e01":"A0195","prediction_ridge_e02_to_e01_log":"A0196","summary":"A0197"}	low-rank-specific improvement over prediction-ridge below gate; local 1Hz interpolated-label proxy not official hidden score	Supervised subject adaptation is now supported under a stronger local episode-heldout protocol, but the simplest prediction-ridge control explains almost all of the gain; do not claim a distinct low-rank model improvement or leaderboard win.	supported_local_episode_proxy	move to native-TR scoring, more subjects, and paired official-format hidden submissions with prediction-ridge as the current candidate	Codex	Local compatibility evidence only, not leaderboard-comparable.
S0049	2026-05-14T12:08:00Z	run	quality	H022	tribe_native_tr_subject_adaptation_episode_holdout_s01_e01_e02	Supervised subject adaptation over public TRIBE remains meaningful when scored on native fMRI TR rows	experiments/tribe_native_tr_subject_adaptation.py	see A0199-A0205 command metadata	0151e9a	yes	added native-TR subject-adaptation harness and tests	ripper-TRX50-AERO-D	CPU ridge over cached arrays	Python 3.12.3	/home/ripper/data/tribe_benchmarks	Algonauts2025	sub-01	friends	s01	e01a,e01b or e02a,e02b	held-out opposite complete episode halves	n/a	bidirectional complete-episode available-label local proxy on native fMRI TR rows	episode-level train/val disjointness enforced; baseline sidecars validate checkpoint/features/metric/offset; low-rank feature caches validate metadata; alpha selected only inside train episode; no hidden labels	964-1184 per fold	964-1184 per fold	0	uses exported public full baseline arrays and cached public TRIBE low-rank features resampled to native TR rows	release	release	native_tr_posthoc_subject_adaptation_on_facebook/tribev2	facebook/tribev2	text,audio,video	subject_adaptation	native_tr_lowrank_vs_prediction_ridge	S0048	n/a	n/a	n/a	n/a	n/a	ridge	closed_form_ridge	n/a	lowrank_mean_delta_vs_full_average_head	0.037522	{"prediction_ridge_mean_delta_vs_full":0.036996,"lowrank_minus_prediction_ridge_mean":0.000525,"folds":{"train_e01_val_e02":{"baseline":0.204723,"lowrank":0.240649,"prediction_ridge":0.238402},"train_e02_val_e01":{"baseline":0.168684,"lowrank":0.207801,"prediction_ridge":0.208997}},"passes_subject_adaptation_gate_vs_raw_baseline":true,"passes_lowrank_specific_gate_vs_prediction_ridge":false}	353.628501	cache/ablation_results/tribe_native_tr_subject_adaptation_episode_holdout_s01_e01_e02_v1.json	{"script":"A0199","test":"A0200","native_e01_to_e02":"A0201","native_e01_to_e02_log":"A0202","native_e02_to_e01":"A0203","native_e02_to_e01_log":"A0204","summary":"A0205"}	low-rank-specific improvement over prediction-ridge below gate; available-label local proxy not official hidden score	Native-TR scoring strengthens the local subject-adaptation evidence while further weakening a low-rank-specific claim; prediction-ridge calibration remains the practical candidate.	supported_local_native_tr	scale native-TR subject adaptation to more subjects/episodes and prepare paired official-format hidden submissions	Codex	Local native-TR evidence only, not leaderboard-comparable.
S0050	2026-05-14T12:20:00Z	run	quality	H023	tribe_native_tr_subject_adaptation_sub01_sub02_episode_holdout_s01_e01_e02	Supervised subject adaptation over public TRIBE remains meaningful across two subjects on native fMRI TR rows	experiments/tribe_native_tr_subject_adaptation.py	see A0207-A0231 command metadata	0151e9a	yes	materialized sub-02 labels and scaled native-TR protocol to two subjects	ripper-TRX50-AERO-D	GPU for cache materialization plus CPU ridge	Python 3.12.3	/home/ripper/data/tribe_benchmarks	Algonauts2025	sub-01,sub-02	friends	s01	e01a,e01b or e02a,e02b	held-out opposite complete episode halves	n/a	bidirectional complete-episode available-label local proxy on native fMRI TR rows; aggregated across two subjects	episode-level train/val disjointness enforced; baseline sidecars validate checkpoint/features/metric/offset; low-rank feature caches validate metadata; alpha selected only inside train episode; no hidden labels	964-1184 per fold per subject	964-1184 per fold per subject	0	uses exported public full baseline arrays and cached public TRIBE low-rank features resampled to native TR rows; sub-02 fMRI/atlas materialized through git-annex	release	release	native_tr_posthoc_subject_adaptation_on_facebook/tribev2	facebook/tribev2	text,audio,video	subject_adaptation	two_subject_native_tr_lowrank_vs_prediction_ridge	S0049	n/a	n/a	n/a	n/a	n/a	ridge	closed_form_ridge	n/a	prediction_ridge_mean_delta_vs_full_average_head	0.039185	{"lowrank_mean_delta_vs_full":0.039193,"lowrank_minus_prediction_ridge_mean":0.000007,"subject_deltas":{"sub-01":{"prediction_ridge":0.036996,"lowrank":0.037522,"lowrank_minus_prediction_ridge":0.000525},"sub-02":{"prediction_ridge":0.041374,"lowrank":0.040864,"lowrank_minus_prediction_ridge":-0.000511}},"passes_subject_adaptation_gate_vs_raw_baseline":true,"passes_lowrank_specific_gate_vs_prediction_ridge":false}	704.161649	cache/ablation_results/tribe_native_tr_subject_adaptation_sub-01_sub-02_episode_holdout_s01_e01_e02_v1.json	{"sub02_git_annex":"A0207","sub02_baselines":"A0208-A0219","sub02_lowrank_cache_run":"A0220","sub02_lowrank_log":"A0221","sub02_lowrank_features":"A0222-A0225","sub02_native_e01_to_e02":"A0226","sub02_native_e01_to_e02_log":"A0227","sub02_native_e02_to_e01":"A0228","sub02_native_e02_to_e01_log":"A0229","sub02_summary":"A0230","two_subject_summary":"A0231"}	low-rank-specific improvement over prediction-ridge effectively zero; local available-label proxy not official hidden score	Two-subject native-TR evidence supports supervised subject-specific calibration as a meaningful improvement over the raw public average head; it selects prediction-ridge calibration as the simpler current candidate and rejects a low-rank-specific claim.	supported_local_native_tr	scale to sub-03/sub-05 and produce paired official-format hidden submissions for raw public head and calibrated candidate	Codex	Local native-TR evidence only, not leaderboard-comparable.
S0051	2026-05-14T13:31:00Z	run	quality	H023	tribe_native_tr_subject_adaptation_sub01_sub02_sub03_sub05_episode_holdout_s01_e01_e02	Supervised subject adaptation over public TRIBE remains meaningful across four subjects on native fMRI TR rows	experiments/eval_pretrained_tribe_algonauts.py;experiments/tribe_frozen_readout_ablation.py;experiments/tribe_native_tr_subject_adaptation.py	see A0232-A0249 command metadata	0151e9a	yes	recovered interrupted sub-03/sub-05 scale-out and added four-subject aggregate	ripper-TRX50-AERO-D	GPU1 for cache materialization plus CPU ridge	Python 3.12.3	/home/ripper/data/tribe_benchmarks	Algonauts2025	sub-01,sub-02,sub-03,sub-05	friends	s01	e01a,e01b or e02a,e02b	held-out opposite complete episode halves	n/a	bidirectional complete-episode available-label local proxy on native fMRI TR rows; aggregated across four subjects	episode-level train/val disjointness enforced; baseline sidecars validate checkpoint/features/metric/offset; low-rank feature caches validate metadata; alpha selected only inside train episode; no hidden labels	964-1184 per fold per subject	964-1184 per fold per subject	0	uses exported public full baseline arrays and cached public TRIBE low-rank features resampled to native TR rows; sub-03/sub-05 fMRI and atlases materialized through git-annex	release	release	native_tr_posthoc_subject_adaptation_on_facebook/tribev2	facebook/tribev2	text,audio,video	subject_adaptation	four_subject_native_tr_lowrank_vs_prediction_ridge	S0050	n/a	n/a	n/a	n/a	n/a	ridge	closed_form_ridge	n/a	prediction_ridge_mean_delta_vs_full_average_head	0.040016	{"lowrank_mean_delta_vs_full":0.040057,"lowrank_minus_prediction_ridge_mean":0.000041,"subject_deltas":{"sub-01":{"prediction_ridge":0.036996,"lowrank":0.037522,"lowrank_minus_prediction_ridge":0.000525},"sub-02":{"prediction_ridge":0.041374,"lowrank":0.040864,"lowrank_minus_prediction_ridge":-0.000511},"sub-03":{"prediction_ridge":0.052475,"lowrank":0.052508,"lowrank_minus_prediction_ridge":0.000032},"sub-05":{"prediction_ridge":0.029219,"lowrank":0.029336,"lowrank_minus_prediction_ridge":0.000117}},"passes_subject_adaptation_gate_vs_raw_baseline":true,"passes_lowrank_specific_gate_vs_prediction_ridge":false}	751.900699	cache/ablation_results/tribe_native_tr_subject_adaptation_sub-01_sub-02_sub-03_sub-05_episode_holdout_s01_e01_e02_v1.json	{"sub03_sub05_git_annex":"A0232","sub03_baselines":"A0233-A0235","sub05_baselines":"A0236-A0238","sub03_lowrank_cache":"A0239-A0242","sub03_native":"A0243-A0244","sub05_lowrank_cache":"A0245-A0246","sub05_native":"A0247-A0248","four_subject_summary":"A0249"}	first sub-03 frozen-readout command missed PYTHONPATH and failed before experiment execution; successful rerun logged as A0241	Four-subject native-TR evidence supports supervised subject-specific calibration as a meaningful local improvement over the raw public average head. Low-rank and prediction-ridge remain effectively tied, so prediction-ridge remains the simpler practical candidate.	supported_local_native_tr	produce paired official-format hidden submissions for raw public head and prediction-ridge candidate; do not claim leaderboard win before Codabench scoring	Codex	Local native-TR evidence only, not leaderboard-comparable.
S0052	2026-05-15T01:21:06Z	smoke	submission_harness	H024	tribe_prediction_ridge_friends_s7_sub01_s07e01a	Subject-specific prediction-ridge calibration can be applied to official-format hidden-stimulus predictions without hidden labels	experiments/calibrate_tribe_submission.py	PYTHONPATH=. ./venv/bin/python experiments/calibrate_tribe_submission.py --raw-submission cache/submissions/tribe_full_friends_s7_sub01_s07e01a_v1.npy --out cache/submissions/tribe_prediction_ridge_friends_s7_sub01_s07e01a_v1.npy --zip-out cache/submissions/tribe_prediction_ridge_friends_s7_sub01_s07e01a_v1.zip --manifest-out cache/submissions/tribe_prediction_ridge_friends_s7_sub01_s07e01a_manifest_v1.json	0151e9a	yes	added calibrated submission harness and tests	ripper-TRX50-AERO-D	CPU BLAS ridge solve over cached arrays	Python 3.12.3	/home/ripper/data/tribe_benchmarks	Algonauts2025	sub-01	friends-s7	s07	s01e01a,s01e01b,s01e02a,s01e02b	hidden s07e01a prediction file	n/a	official-format hidden-stimulus prediction smoke; no hidden fMRI labels loaded	alpha selected by complete-episode inner folds on available s01e01/s01e02 labels; hidden prediction array used only as unlabeled model output	2148 train rows	460 hidden prediction rows	0	uses cached public TRIBE raw hidden prediction file and cached available-label public TRIBE baselines	release	release	posthoc_prediction_ridge_on_hidden_submission_predictions	facebook/tribev2	text,audio,video	submission_calibration	prediction_ridge_calibrated_hidden_submission	S0051	n/a	n/a	n/a	n/a	n/a	ridge	closed_form_ridge	n/a	shape_finite	(460,1000);finite	{"selected_alpha":100.0,"n_calibrated_units":983,"uncalibrated_units_preserved":17,"raw_mean":-0.003855,"calibrated_mean":0.000637,"mean_abs_delta_vs_raw":0.118763,"focused_tests":"8/8"}	3.310866	cache/submissions/tribe_prediction_ridge_friends_s7_sub01_s07e01a_manifest_v1.json	{"script":"A0251","test":"A0252","submission_npy":"A0253","submission_zip":"A0254","manifest":"A0255","calibrator":"A0256","log":"A0257"}	smoke covers one hidden item only; no Codabench score yet	Calibrated submission path is viable and fast once raw hidden predictions exist. This supports the next iteration mechanics but is not an accuracy claim or leaderboard result.	supported_smoke	scale raw/candidate paired generation to all materialized Friends S7/OOD items and submit through Codabench	Codex	No hidden labels were loaded; manifest records train-run provenance and alpha selection.
S0053	2026-05-19T07:32:48Z	blocked	baseline	H001-S	tribe_faithful_retrain_smoke	Faithful local TRIBE retrain skeleton can run end-to-end on tiny full-modality sub-01 two-episode smoke	experiments/tribe_faithful_retrain.py	PATH=/home/ripper/ACTi_cognition/venv/bin:$PATH PYTHONPATH=. CUDA_VISIBLE_DEVICES=0 timeout 3600s python experiments/tribe_faithful_retrain.py --subjects sub-01 --episodes s01e01 s01e02 --seeds 33 --tiny-model --limit-train-batches 1	eff2247	yes	added faithful retrain harness and fixed split transform replacement	ripper-TRX50-AERO-D	GPU0 RTX PRO 6000 Blackwell Max-Q	Python 3.12.3	/home/ripper/data/tribe_benchmarks	Algonauts2025	sub-01	friends	s01	s01e01a,s01e01b	s01e02a,s01e02b	n/a	complete-episode smoke; train e01 val e02	AssignSplitByEpisode held out both e02 halves; no hidden labels; training not reached	2 train timelines; 3229 train words	2 val timelines; 2455 val words	0	cold h001 feature/timeline cache; stopped before completion; partial cache persisted	h001_faithful_retrain_v1	h001_faithful_retrain_v1	local faithful retrain from scratch	n/a	text,audio,video	retrain_harness	full_modality_cold_cache_smoke	none	33	15	2	1	MSELoss	Adam	OneCycleLR	n/a	pytest_pass	blocked_budget_cold_video	{"focused_tests":"11/11","event_split":"train s01e01, val s01e02","completed_before_stop":["text_features","audio_features","one_video_window"],"projected_video_seconds":7149}	1518	cache/ablation_results/tribe_faithful_retrain_H001-S_blocked_20260519T073248Z.json	{"script":"A0259","test":"A0260","result_json":"A0261","manifest":"A0262","config_crash_log":"A0263","budget_stop_log":"A0264"}	initial split config crash; projected budget breach in cold video extraction; stopped before training/shape gate	The harness and tests are in place, and the intended episode-disjoint split reached real feature preparation. The predeclared full-modality cold-cache smoke is under-budgeted because video extraction projects beyond the 1h 2x budget before training, so no shape/finite model-output gate can be claimed.	blocked	downgrade H001-S to reuse an audited feature cache or split feature warmup from retrain smoke before rerunning	Codex	Used /home/ripper/ACTi_cognition/venv because ./venv is absent in this checkout; research command was pinned to GPU0 and did not use GPU1.
S0054	2026-05-19T07:48:06Z	smoke	baseline	H001-S	tribe_faithful_retrain_textonly_smoke	Faithful local TRIBE retrain skeleton can run end-to-end on tiny text-only sub-01 two-episode smoke	experiments/tribe_faithful_retrain.py	CUDA_VISIBLE_DEVICES=0 PYTHONPATH=. timeout 3600s ./venv/bin/python experiments/tribe_faithful_retrain.py --subjects sub-01 --episodes s01e01 s01e02 --seeds 33 --tiny-model --limit-train-batches 1 --features-to-use text	a9ead79	yes	fixed ConfDict config hashing; downgraded H001-S queue to text-only and split multimodal warm-cache setup	ripper-TRX50-AERO-D	GPU0 RTX PRO 6000 Blackwell Max-Q	Python 3.12.3	/home/ripper/data/tribe_benchmarks	Algonauts2025	sub-01	friends	s01	e01a,e01b	e02a,e02b	n/a	complete-episode smoke; train e01 val e02	AssignSplitByEpisode held out both e02 halves; no hidden labels; text-only features; shape gate on validation batch	2 train timelines; 3229 train words	2 val timelines; 2455 val words	0	local cached timeline/fmri/text features; no cold video extraction	h001_faithful_retrain_v1	h001_faithful_retrain_v1	local faithful retrain from scratch	/home/ripper/data/tribe_runs/tribe_faithful_retrain/seed_33/best.ckpt	text	retrain_harness	text_only_protocol_downgrade_smoke	S0053	33	15	2	1	MSELoss	Adam	OneCycleLR	816b635689a0	shape_finite	(200,1000);finite	{"test_pearson":0.0038157387170940638,"script_primary_value":0.0038157387170940638,"focused_tests":"12/12","gate_passed":true,"peak_vram_mb":162.4995,"prediction_shape":[200,1000],"config_hash":"816b635689a0","serialization_crash_fixed_in":"a9ead79"}	7.881688	cache/ablation_results/tribe_faithful_retrain_20260519T074758Z.json	{"result_json":"A0265","manifest":"A0266","log_crash":"A0267","log_success":"A0268","test_stdout":"A0269"}	first text-only rerun crashed after evaluation during result serialization; fixed before successful rerun	The downgraded text-only H001-S proves the retrain harness training path and validation shape/finite output under an episode-disjoint split. It does not validate the multimodal cold-video path.	supported_smoke	run H000-VCACHE-SM cold multimodal feature-cache warmup before H001-SM	Codex	GPU0 only; GPU1 not used. The full-modality smoke remains represented by S0053 blocked and by pending H001-SM after cache warmup.
